customer_id,first_name,last_name,date_of_birth,gender,join_date,primary_payment,income_bracket,is_active
CUST00001,Danielle,Johnson,1960-03-30,M,2023-02-27,Mastercard,High,1
CUST00002,Joshua,Walker,1965-10-19,M,2022-04-24,Mastercard,Low,1
CUST00003,Jill,Rhodes,1975-11-03,F,2023-01-06,Visa,Low,1
CUST00004,Patricia,Miller,1958-08-01,F,2023-04-04,Debit,Mid,1
CUST00005,Robert,Johnson,1988-03-13,M,2019-07-29,Mastercard,High,1
CUST00006,Jeffery,Wagner,1999-03-21,F,2022-01-03,Mastercard,Low,1
CUST00007,Anthony,Gonzalez,1990-06-12,M,2022-03-28,Mastercard,Mid,1
CUST00008,Debra,Gardner,1978-11-20,M,2023-11-10,Mastercard,Mid,1
CUST00009,Jeffrey,Lawrence,1976-10-18,F,2022-10-04,Mastercard,Mid,1
CUST00010,Lisa,Smith,1979-12-18,M,2019-12-01,Visa,High,1
CUST00011,Linda,Wolfe,1987-02-04,M,2023-09-23,Debit,High,1
CUST00012,Matthew,Moore,1963-12-09,F,2020-03-08,Cash,High,1
CUST00013,Susan,Rogers,1999-03-02,M,2019-10-20,Mastercard,Mid,1
CUST00014,Christopher,Davis,1993-10-31,NB,2021-01-11,Mastercard,Mid,1
CUST00015,Melanie,Munoz,1967-11-02,F,2019-11-10,Visa,Mid,1
CUST00016,Lindsay,Blair,1999-12-29,F,2021-12-19,Mastercard,High,1
CUST00017,Amanda,Dudley,1981-12-09,M,2023-04-24,Visa,Mid,1
CUST00018,Nicholas,Arnold,1981-08-18,M,2024-06-13,Visa,High,0
CUST00019,Maria,Montgomery,1975-11-05,M,2019-11-10,Mastercard,High,0
CUST00020,Michelle,Ray,1987-01-30,F,2021-09-27,Mastercard,High,0
CUST00021,Janet,Williams,1963-03-14,NB,2020-05-08,Cash,Low,1
CUST00022,Jeremy,Roberts,1969-04-13,NB,2019-09-20,Debit,Low,1
CUST00023,Christopher,Hall,1977-01-01,F,2024-03-17,Visa,Low,1
CUST00024,Craig,Ramirez,1991-07-03,M,2021-06-16,Cash,Low,1
CUST00025,Cynthia,Diaz,1978-08-24,M,2022-04-20,Mastercard,Mid,1
CUST00026,Mitchell,Clark,1987-08-24,M,2019-05-26,Visa,Mid,1
CUST00027,Joseph,Zuniga,2000-05-28,F,2020-05-12,Debit,Low,1
CUST00028,Deborah,Lynch,1996-01-01,F,2021-04-21,Visa,Mid,0
CUST00029,George,Daniel,1994-02-14,F,2023-01-31,Mastercard,Low,1
CUST00030,Frank,Gray,1995-11-07,M,2020-01-11,Mastercard,High,1
CUST00031,Veronica,Bowman,1966-10-14,F,2019-04-14,Debit,Low,1
CUST00032,Angela,Cohen,1979-03-17,F,2019-12-07,Mastercard,High,0
CUST00033,Megan,Parsons,1958-03-12,F,2021-03-10,Mastercard,Mid,1
CUST00034,Jeremy,Johnson,2001-08-30,M,2019-11-14,Mastercard,Low,1
CUST00035,Leslie,Adams,1986-02-19,F,2019-04-28,Mastercard,High,1
CUST00036,Jason,Hahn,1965-03-10,F,2023-10-10,Mastercard,Mid,1
CUST00037,Nancy,Edwards,1980-02-02,F,2022-03-31,Visa,Mid,1
CUST00038,Diana,Foster,1981-05-24,M,2020-02-23,Debit,Mid,1
CUST00039,Robin,Ellis,1999-01-08,F,2020-10-09,Cash,Low,1
CUST00040,Joseph,Wright,1966-12-21,F,2019-05-31,Visa,Low,1
CUST00041,Anna,Baker,1979-12-01,M,2021-01-26,Mastercard,Mid,1
CUST00042,Brenda,Hurst,1958-09-14,M,2022-09-29,Debit,Mid,0
CUST00043,Reginald,Robinson,1968-05-10,F,2023-12-28,Mastercard,Mid,1
CUST00044,Whitney,Hicks,1976-04-07,M,2022-11-08,Visa,Mid,0
CUST00045,Christopher,Williams,1966-04-13,M,2022-07-23,Mastercard,Low,1
CUST00046,Daniel,Burton,1981-07-02,F,2019-11-27,Debit,Mid,1
CUST00047,Laura,Henderson,1971-05-17,M,2022-01-22,Mastercard,Mid,1
CUST00048,Bryan,James,1990-09-18,NB,2024-01-16,Cash,Low,1
CUST00049,Wendy,Rice,1967-03-23,F,2020-12-25,Debit,Mid,1
CUST00050,Tasha,Valencia,1979-03-29,F,2023-11-06,Mastercard,Low,1
CUST00051,Alexander,Le,1987-10-21,F,2023-05-22,Cash,High,1
CUST00052,Erin,Herrera,1967-09-13,F,2021-02-22,Cash,Low,1
CUST00053,Joseph,Davidson,1985-05-19,M,2023-08-08,Debit,Low,1
CUST00054,Daniel,Graham,1964-03-24,M,2024-06-03,Debit,Mid,1
CUST00055,Shawn,Mckay,1987-09-17,F,2024-04-07,Mastercard,Mid,1
CUST00056,Nancy,Baker,1961-06-07,M,2019-08-11,Visa,High,1
CUST00057,Vincent,White,1968-05-17,M,2021-02-27,Cash,Low,1
CUST00058,Rita,Harrell,1975-09-05,NB,2021-01-15,Mastercard,High,1
CUST00059,Kenneth,Fowler,1969-03-07,F,2023-01-14,Cash,Mid,1
CUST00060,Chelsea,Hernandez,1969-06-02,NB,2020-01-28,Mastercard,Mid,0
CUST00061,Kathryn,Ryan,1984-12-31,M,2021-04-11,Visa,Mid,1
CUST00062,Kimberly,Moreno,1986-11-29,F,2021-08-10,Mastercard,Mid,1
CUST00063,Aaron,Nguyen,1973-03-23,F,2022-09-11,Mastercard,Mid,1
CUST00064,Andrew,Hickman,1979-01-27,F,2022-10-09,Mastercard,Low,1
CUST00065,Natasha,Decker,1964-07-14,F,2021-07-21,Mastercard,Low,1
CUST00066,Kyle,Brown,1979-11-21,M,2019-10-30,Debit,High,1
CUST00067,Natalie,Arroyo,1996-02-22,NB,2020-03-24,Mastercard,Mid,1
CUST00068,Christopher,Tucker,1968-11-20,M,2021-07-23,Mastercard,Mid,1
CUST00069,Chad,Hodges,1997-09-15,F,2022-06-08,Debit,Mid,0
CUST00070,Katie,Anderson,1972-04-12,M,2023-03-04,Cash,High,0
CUST00071,Thomas,Pierce,2001-06-23,M,2022-07-07,Mastercard,High,1
CUST00072,Joseph,Brennan,1965-03-25,M,2019-10-11,Mastercard,Low,1
CUST00073,Rodney,Lewis,1987-09-08,M,2022-01-16,Visa,High,1
CUST00074,Amber,Blair,1959-10-03,F,2023-10-21,Cash,Mid,0
CUST00075,James,Collins,1992-12-27,F,2023-10-14,Cash,Mid,1
CUST00076,Wanda,Santos,1977-10-14,M,2021-09-26,Mastercard,Low,1
CUST00077,Samuel,Holmes,1994-04-10,M,2023-01-23,Mastercard,Low,1
CUST00078,David,Walker,1993-05-08,M,2022-04-27,Visa,Mid,1
CUST00079,Matthew,Chapman,1962-07-06,M,2020-06-16,Mastercard,Mid,1
CUST00080,Jerry,Robinson,1995-10-27,F,2020-05-31,Debit,High,1
CUST00081,Chad,Welch,1978-02-12,NB,2022-08-24,Mastercard,Low,1
CUST00082,Jeremy,Whitehead,1959-10-30,M,2022-06-26,Mastercard,Mid,1
CUST00083,Michele,Jones,1980-12-27,F,2023-04-20,Mastercard,High,1
CUST00084,John,Caldwell,1972-09-10,F,2024-05-29,Mastercard,High,1
CUST00085,Jason,Anderson,1991-09-03,M,2021-03-23,Cash,Mid,0
CUST00086,Selena,Duncan,1985-01-21,F,2023-10-08,Debit,High,1
CUST00087,Thomas,Mueller,1996-06-07,F,2022-09-16,Mastercard,Mid,0
CUST00088,Lindsey,Lee,1967-06-21,F,2021-06-06,Gift Card,High,1
CUST00089,Collin,Jordan,1982-03-26,F,2022-06-15,Debit,Mid,1
CUST00090,Rodney,Owens,1982-01-29,F,2020-10-22,Cash,Low,0
CUST00091,Jessica,Nunez,1999-09-10,M,2022-03-13,Visa,Low,0
CUST00092,Tracey,Garcia,1977-01-11,M,2020-12-27,Debit,High,1
CUST00093,Richard,Morgan,1958-11-29,M,2021-11-24,Cash,High,1
CUST00094,Michelle,Wright,2000-09-17,M,2022-08-15,Debit,Low,1
CUST00095,James,West,1979-10-30,M,2020-09-19,Debit,Mid,1
CUST00096,Robert,Ramirez,1987-09-05,M,2020-12-21,Debit,Mid,1
CUST00097,John,Leblanc,1968-09-22,F,2023-03-02,Visa,Low,1
CUST00098,Scott,Callahan,1983-05-23,M,2019-07-25,Debit,Mid,1
CUST00099,Andrea,Williams,1969-05-10,M,2020-07-15,Mastercard,Mid,0
CUST00100,Yvette,Huff,2002-01-15,F,2019-07-30,Cash,Mid,1
CUST00101,Tanya,House,1962-08-11,F,2020-06-01,Cash,High,1
CUST00102,Melinda,Martin,1962-10-23,F,2019-11-07,Mastercard,Mid,0
CUST00103,Todd,Lewis,1995-05-04,F,2022-05-26,Visa,High,1
CUST00104,Richard,Brown,1984-09-04,M,2023-10-28,Visa,Mid,1
CUST00105,Nicholas,Galloway,1966-11-26,F,2024-04-24,Debit,Mid,1
CUST00106,Joseph,Bowers,1964-09-25,M,2019-11-17,Mastercard,Mid,1
CUST00107,Spencer,Henderson,1983-05-14,M,2022-12-10,Cash,Low,1
CUST00108,Susan,Cowan,1975-10-01,M,2021-05-20,Mastercard,Low,1
CUST00109,Angela,Higgins,1963-05-09,F,2019-12-06,Debit,High,0
CUST00110,Eric,Phillips,2000-01-19,M,2022-11-11,Mastercard,Mid,1
CUST00111,Tanya,Riley,1961-07-30,M,2023-12-27,Mastercard,Mid,1
CUST00112,Amy,Adkins,1959-11-11,M,2023-04-16,Debit,Low,1
CUST00113,Brian,Silva,1997-09-03,NB,2024-02-20,Mastercard,Mid,1
CUST00114,Wesley,Farrell,2000-03-02,M,2020-12-13,Mastercard,Low,1
CUST00115,Eric,Yu,2002-06-14,M,2020-08-13,Debit,High,1
CUST00116,Christopher,Lopez,1980-08-23,F,2020-10-24,Mastercard,High,0
CUST00117,Brooke,Leonard,1999-06-13,F,2021-04-26,Mastercard,Mid,1
CUST00118,Joe,Wilson,1962-08-19,M,2020-02-21,Mastercard,Mid,0
CUST00119,Pamela,Sanchez,1960-08-03,F,2024-06-16,Visa,High,1
CUST00120,Brooke,Harvey,1994-08-09,F,2019-07-10,Mastercard,Low,0
CUST00121,Robert,Silva,1971-10-25,M,2021-10-17,Cash,High,1
CUST00122,Alexandra,Donovan,2000-05-13,M,2020-05-14,Visa,Low,1
CUST00123,James,Moran,1970-04-01,F,2023-11-05,Mastercard,High,1
CUST00124,John,Foster,1981-12-20,F,2023-08-08,Mastercard,High,1
CUST00125,Emily,Evans,1971-05-02,M,2021-07-03,Visa,Mid,1
CUST00126,Leslie,Walton,1986-11-14,F,2023-11-16,Mastercard,Mid,1
CUST00127,Charles,Ellis,1961-12-01,F,2020-10-13,Debit,High,1
CUST00128,Yolanda,Ferrell,1971-08-25,M,2021-10-11,Gift Card,High,1
CUST00129,Charles,Lewis,1997-07-02,M,2019-07-24,Visa,High,1
CUST00130,Joseph,Mahoney,1971-11-07,NB,2019-06-03,Visa,Mid,1
CUST00131,Nicole,Suarez,1987-06-24,F,2023-10-12,Debit,High,1
CUST00132,Mike,Moore,2001-10-11,F,2023-11-22,Visa,Low,1
CUST00133,Martha,Warner,1978-05-30,NB,2023-03-10,Mastercard,High,1
CUST00134,Cheryl,Archer,1972-12-04,M,2022-11-22,Mastercard,Mid,1
CUST00135,Destiny,Smith,1996-08-21,M,2019-10-26,Mastercard,Mid,1
CUST00136,Lisa,Evans,1992-04-27,F,2022-06-23,Debit,Mid,1
CUST00137,Elizabeth,Mcmillan,1999-03-26,F,2020-06-06,Debit,Mid,1
CUST00138,Dennis,Wilson,1964-08-17,NB,2021-06-23,Cash,Mid,0
CUST00139,Daniel,Tran,1998-12-26,NB,2023-09-28,Mastercard,High,1
CUST00140,Joseph,Jacobs,1990-03-16,F,2022-03-23,Mastercard,Low,0
CUST00141,Jennifer,Harris,1958-09-23,F,2022-03-05,Cash,High,0
CUST00142,Cynthia,Baker,1983-09-05,F,2023-05-08,Debit,Mid,1
CUST00143,Tracy,Whitehead,1970-04-09,F,2022-07-10,Mastercard,Low,1
CUST00144,Meghan,Davis,1990-09-25,F,2023-02-08,Mastercard,Mid,1
CUST00145,Rodney,Hill,1990-10-28,M,2021-12-23,Visa,Low,0
CUST00146,Adam,Wise,1984-06-24,F,2023-03-09,Cash,Mid,1
CUST00147,Dana,Green,1978-03-29,F,2023-10-28,Debit,Mid,0
CUST00148,Joyce,Arnold,1966-02-07,M,2023-06-08,Mastercard,Low,1
CUST00149,Ronald,Smith,1981-07-09,F,2022-04-12,Mastercard,Mid,1
CUST00150,Charles,Ware,1987-06-06,F,2024-02-18,Visa,Mid,1
CUST00151,Rebecca,Gardner,1994-08-19,NB,2019-08-27,Mastercard,Mid,1
CUST00152,Mary,Aguilar,1970-03-04,F,2021-03-06,Visa,High,0
CUST00153,Earl,Anderson,1971-11-12,M,2023-12-19,Mastercard,Mid,1
CUST00154,Kyle,Nolan,1960-12-08,M,2022-11-14,Mastercard,High,0
CUST00155,Laura,Valencia,1990-12-15,F,2022-01-20,Cash,Low,1
CUST00156,Rachel,Clark,1998-10-18,F,2019-07-07,Debit,Mid,1
CUST00157,John,Garcia,1979-11-08,M,2019-09-15,Debit,High,1
CUST00158,Kimberly,Henson,1978-11-26,F,2020-11-03,Debit,Mid,1
CUST00159,Richard,Oliver,1969-08-30,M,2022-01-11,Mastercard,Mid,1
CUST00160,Eric,Spears,1979-05-07,M,2022-04-20,Mastercard,Low,1
CUST00161,Michelle,Cherry,1963-09-14,M,2021-09-02,Mastercard,Mid,1
CUST00162,Lisa,Keith,1961-11-21,F,2023-01-29,Debit,Mid,1
CUST00163,Angel,Doyle,1963-06-17,M,2021-09-07,Debit,Low,1
CUST00164,Martin,Galvan,1965-04-01,M,2020-10-21,Visa,Mid,1
CUST00165,Leah,Shields,1987-03-05,F,2021-02-19,Gift Card,Mid,1
CUST00166,Lisa,Adams,1968-04-07,F,2023-10-13,Debit,Mid,0
CUST00167,Kristin,Rodriguez,1978-07-02,M,2021-04-27,Mastercard,Mid,1
CUST00168,Monica,Garrison,1980-11-13,F,2021-02-05,Gift Card,Mid,1
CUST00169,Jeffrey,Velasquez,1996-09-29,M,2019-07-17,Debit,Low,1
CUST00170,Steven,Torres,1987-07-29,M,2022-10-04,Mastercard,Mid,1
CUST00171,Laura,Perez,1962-08-13,M,2024-06-06,Mastercard,Low,1
CUST00172,Andrew,Lee,2001-04-05,M,2020-04-04,Debit,Mid,1
CUST00173,Mark,Lin,1978-04-16,F,2023-07-12,Mastercard,High,1
CUST00174,Tammy,Ramirez,1960-05-10,F,2022-06-01,Cash,Mid,1
CUST00175,Darlene,Ross,1985-09-20,M,2024-03-02,Mastercard,High,1
CUST00176,Tina,Herrera,1970-09-23,M,2023-02-26,Visa,High,1
CUST00177,Sheila,Wilson,1988-08-01,F,2019-11-19,Mastercard,High,1
CUST00178,Tara,White,1962-09-20,F,2019-11-15,Mastercard,Mid,1
CUST00179,Sydney,Baker,2001-07-28,M,2022-05-28,Mastercard,High,1
CUST00180,Daniel,Hamilton,1983-05-31,F,2022-10-20,Debit,Mid,1
CUST00181,Jessica,Edwards,1962-12-01,NB,2019-01-16,Mastercard,High,1
CUST00182,Catherine,Dixon,1968-10-06,M,2019-01-16,Visa,Low,1
CUST00183,Paul,Ray,1989-10-10,F,2019-05-28,Mastercard,Mid,1
CUST00184,Jonathan,Fletcher,1986-02-01,M,2022-03-25,Mastercard,Mid,1
CUST00185,Aaron,Frost,1987-02-20,F,2019-12-18,Debit,High,0
CUST00186,Amanda,Ball,1967-07-01,M,2020-05-13,Mastercard,Low,0
CUST00187,Judy,Lambert,1977-11-17,M,2020-11-13,Debit,Mid,1
CUST00188,Michael,Jones,1989-05-06,F,2020-12-20,Debit,High,1
CUST00189,Elizabeth,Rivera,1975-09-13,F,2019-12-22,Visa,Mid,1
CUST00190,Lee,Charles,2002-05-01,F,2021-08-08,Debit,Mid,0
CUST00191,Jennifer,Evans,1986-12-30,M,2023-11-05,Gift Card,Mid,1
CUST00192,Kyle,Ortiz,1982-08-23,F,2022-04-26,Mastercard,Mid,1
CUST00193,Richard,Phillips,1983-10-03,NB,2019-06-07,Visa,Low,1
CUST00194,David,Fisher,1961-09-06,F,2021-07-10,Cash,Low,1
CUST00195,Shelby,Byrd,1963-07-21,F,2021-07-11,Mastercard,Mid,1
CUST00196,Raven,Gilbert,1973-06-25,M,2019-03-22,Mastercard,Mid,1
CUST00197,Kevin,Kelley,1991-06-14,M,2024-02-23,Mastercard,Mid,1
CUST00198,Aaron,Mitchell,1988-01-09,F,2019-05-15,Mastercard,Mid,1
CUST00199,Russell,Carpenter,1971-06-29,F,2020-11-13,Mastercard,High,1
CUST00200,Diana,Marshall,1993-03-01,F,2019-09-22,Visa,Mid,1
CUST00201,Scott,Lewis,1969-06-19,NB,2022-10-04,Debit,High,0
CUST00202,Thomas,Santana,1995-12-27,M,2021-11-07,Mastercard,Low,1
CUST00203,Laura,Jackson,2001-08-17,M,2020-01-29,Mastercard,Low,0
CUST00204,Christopher,Robertson,1961-05-21,F,2022-09-17,Mastercard,Low,1
CUST00205,Cynthia,Rogers,1972-11-07,M,2023-01-16,Mastercard,Mid,1
CUST00206,Loretta,Potter,1983-07-25,M,2023-03-21,Debit,Mid,1
CUST00207,Emily,Walker,2000-01-29,M,2024-01-26,Debit,High,0
CUST00208,James,Johnson,1983-04-13,F,2023-05-13,Mastercard,High,1
CUST00209,John,Alvarez,1970-06-02,F,2023-11-23,Mastercard,High,1
CUST00210,Melissa,Jones,1969-03-09,M,2020-08-06,Mastercard,Mid,1
CUST00211,Robert,Soto,1966-03-25,F,2024-04-22,Cash,High,0
CUST00212,James,Horton,1993-07-27,M,2021-10-25,Mastercard,Low,1
CUST00213,Troy,Sanchez,1966-11-21,M,2023-09-15,Debit,Low,1
CUST00214,Diana,Smith,2000-05-21,F,2022-11-26,Debit,Mid,1
CUST00215,Karen,Carrillo,1959-09-15,M,2020-06-08,Mastercard,High,1
CUST00216,Daniel,Coleman,1983-11-06,M,2020-05-01,Mastercard,Mid,1
CUST00217,Gregory,Rubio,1967-12-12,F,2023-09-10,Cash,Low,1
CUST00218,April,Williams,1970-11-18,F,2020-08-19,Mastercard,Low,1
CUST00219,John,Charles,1965-09-06,M,2021-12-08,Gift Card,Mid,1
CUST00220,Stephen,Solis,1959-10-29,M,2021-03-10,Cash,Mid,1
CUST00221,Elizabeth,Travis,1990-01-14,M,2023-06-03,Mastercard,Mid,1
CUST00222,Caitlin,Dodson,1987-10-31,F,2019-10-01,Mastercard,High,1
CUST00223,Patricia,Salazar,1999-09-07,M,2022-11-25,Visa,Low,1
CUST00224,Jennifer,Wagner,1961-04-26,F,2020-08-23,Mastercard,High,1
CUST00225,Maria,Kelley,1993-09-23,M,2023-07-28,Visa,High,1
CUST00226,Phyllis,Manning,1962-04-16,M,2023-11-09,Debit,High,1
CUST00227,Thomas,Green,1997-06-14,M,2024-01-07,Gift Card,Low,1
CUST00228,John,Walsh,1981-12-05,M,2023-06-29,Mastercard,Mid,0
CUST00229,Katie,Boyd,1984-05-10,M,2020-10-19,Mastercard,Mid,1
CUST00230,Courtney,Hill,1972-12-13,M,2022-11-13,Mastercard,High,0
CUST00231,Chris,Mitchell,1997-01-08,F,2020-07-16,Visa,Low,1
CUST00232,Joseph,Flores,1972-05-09,F,2024-05-05,Mastercard,Mid,1
CUST00233,Amber,Taylor,1979-03-05,M,2023-05-14,Visa,High,1
CUST00234,Jesse,Benson,1998-05-14,M,2024-04-27,Mastercard,Low,1
CUST00235,Jasmine,Brown,1986-03-16,NB,2022-08-23,Mastercard,Low,1
CUST00236,Rick,Daniels,1968-07-25,F,2020-06-20,Debit,Low,1
CUST00237,Robert,Clark,2002-01-25,F,2020-02-14,Mastercard,Mid,0
CUST00238,Robert,Stein,1965-11-16,F,2023-07-18,Debit,Mid,1
CUST00239,Brandy,Dominguez,1984-01-19,M,2023-12-31,Mastercard,High,1
CUST00240,Melissa,Cannon,1990-06-07,NB,2021-11-07,Mastercard,High,1
CUST00241,Omar,Smith,1990-05-18,M,2022-02-08,Visa,High,1
CUST00242,Michael,Molina,1963-11-25,F,2020-09-25,Mastercard,Mid,1
CUST00243,Melissa,Ashley,1964-08-13,F,2019-09-14,Gift Card,Mid,1
CUST00244,Robert,Adkins,1974-04-29,M,2023-04-22,Gift Card,High,1
CUST00245,Amy,Morrison,1971-09-24,M,2020-09-14,Mastercard,High,1
CUST00246,Jeffrey,Robinson,1983-06-26,M,2023-09-29,Mastercard,High,1
CUST00247,Ryan,Johnson,1966-05-20,F,2021-10-26,Visa,Mid,1
CUST00248,Matthew,Shelton,1988-04-16,M,2023-09-22,Cash,High,1
CUST00249,Richard,Martin,1981-09-29,F,2022-08-26,Mastercard,Mid,1
CUST00250,Tanner,Anderson,1983-12-27,F,2022-08-07,Gift Card,High,1
CUST00251,Cindy,Johnson,1964-07-19,M,2022-11-11,Mastercard,Mid,1
CUST00252,Phillip,Elliott,1986-01-16,F,2023-10-31,Debit,High,0
CUST00253,Anthony,Day,1991-03-30,M,2021-11-20,Visa,Mid,1
CUST00254,Derek,Murray,1966-09-08,M,2019-04-14,Mastercard,Mid,1
CUST00255,Brent,Gray,1972-04-30,F,2023-07-25,Mastercard,Mid,1
CUST00256,Jason,Murphy,1999-11-18,F,2021-10-18,Cash,Low,1
CUST00257,Kathleen,Gray,1979-08-07,M,2020-03-16,Visa,Mid,1
CUST00258,Karen,Decker,2000-03-21,F,2020-08-08,Visa,Mid,0
CUST00259,Johnny,Miller,1994-03-06,M,2021-01-19,Mastercard,Mid,1
CUST00260,Andrew,Ryan,1992-08-29,F,2021-10-29,Visa,High,1
CUST00261,Zoe,Bell,1969-07-18,M,2024-06-19,Mastercard,High,1
CUST00262,Debra,Harrington,1970-12-11,M,2020-02-12,Visa,Low,1
CUST00263,Denise,Webster,2000-07-02,F,2021-11-29,Visa,Mid,1
CUST00264,Stefanie,Gonzalez,1972-07-30,F,2021-03-15,Gift Card,Mid,1
CUST00265,Andrew,Hernandez,2001-12-12,F,2022-12-22,Visa,Low,1
CUST00266,David,Caldwell,1995-05-16,F,2022-04-10,Mastercard,High,1
CUST00267,Anne,Robinson,1981-10-27,NB,2024-06-03,Debit,Mid,1
CUST00268,Holly,Wang,2001-02-07,F,2019-12-16,Visa,High,1
CUST00269,Gary,Lawson,1979-09-24,F,2019-03-06,Visa,Low,1
CUST00270,Julie,Wilson,1995-01-18,F,2022-11-15,Mastercard,Mid,1
CUST00271,Lori,Oconnell,1963-08-03,M,2022-12-16,Mastercard,Mid,1
CUST00272,Daniel,Johnson,1986-02-24,F,2024-05-13,Mastercard,Mid,1
CUST00273,Larry,Byrd,1981-09-19,NB,2022-06-03,Visa,Mid,1
CUST00274,Susan,Sanders,1984-09-13,M,2023-04-29,Mastercard,High,1
CUST00275,Jennifer,Jones,1982-07-14,F,2020-08-12,Mastercard,Mid,0
CUST00276,Hannah,Burton,1971-02-21,NB,2020-08-17,Mastercard,Low,0
CUST00277,Curtis,Barton,2000-12-24,F,2020-03-14,Mastercard,High,1
CUST00278,Melissa,Burke,1979-06-20,F,2020-05-11,Mastercard,Low,1
CUST00279,David,Riggs,1987-08-20,F,2023-01-09,Visa,Low,0
CUST00280,Kimberly,Reed,1972-03-03,F,2021-04-13,Debit,Mid,1
CUST00281,Ross,Wood,1983-10-09,M,2020-10-19,Mastercard,High,1
CUST00282,William,Peterson,1961-05-07,M,2024-02-14,Cash,High,0
CUST00283,Melissa,Short,1993-08-13,F,2023-06-02,Visa,High,0
CUST00284,Daniel,Yu,1958-10-31,M,2020-09-03,Visa,High,1
CUST00285,Cynthia,Poole,2002-04-24,F,2023-12-27,Cash,Mid,1
CUST00286,Jasmine,Graham,1972-07-30,M,2023-02-06,Visa,Low,1
CUST00287,Jessica,Sheppard,1975-05-01,F,2019-12-26,Visa,Mid,1
CUST00288,Joseph,Morton,1993-12-17,NB,2022-10-02,Mastercard,Mid,0
CUST00289,Amanda,Webb,1992-05-30,M,2020-04-27,Mastercard,Mid,1
CUST00290,Ryan,Simon,1981-06-19,M,2022-08-31,Mastercard,Mid,1
CUST00291,Joseph,Christian,1985-11-25,F,2022-11-14,Mastercard,Mid,1
CUST00292,Mariah,Miller,1969-12-25,F,2021-09-06,Mastercard,Mid,1
CUST00293,Nicole,Sanchez,2000-03-29,F,2023-04-01,Visa,Low,1
CUST00294,Steven,Bishop,1965-05-06,F,2021-12-12,Mastercard,Low,1
CUST00295,Nicholas,Johnson,1976-02-20,M,2022-03-18,Visa,High,1
CUST00296,Melissa,White,2001-11-08,M,2019-07-06,Cash,Low,1
CUST00297,Jason,Salinas,1963-03-07,F,2022-02-18,Visa,High,1
CUST00298,Matthew,Beard,1977-07-20,M,2022-03-30,Mastercard,High,1
CUST00299,Jacqueline,Hill,1964-03-11,M,2024-03-27,Visa,Low,1
CUST00300,Alejandro,Vaughan,1995-09-18,M,2021-02-05,Gift Card,High,0
CUST00301,Christopher,Cortez,1969-12-06,M,2022-08-31,Cash,High,1
CUST00302,Tracy,Chang,1977-12-24,M,2023-09-06,Mastercard,Mid,1
CUST00303,Hannah,Brewer,1992-01-11,M,2023-08-14,Mastercard,Low,1
CUST00304,Travis,Mcguire,1968-02-15,M,2019-03-07,Debit,High,0
CUST00305,Christopher,Walker,1976-06-27,M,2019-05-18,Mastercard,Mid,1
CUST00306,Heather,Torres,1961-12-20,F,2021-04-03,Mastercard,High,1
CUST00307,Bonnie,Kennedy,1983-12-14,F,2020-04-24,Debit,Mid,1
CUST00308,Alyssa,Coleman,1986-10-08,M,2020-04-30,Mastercard,Mid,1
CUST00309,Julie,Rivera,1963-06-21,F,2022-02-14,Cash,High,1
CUST00310,Jacqueline,Nelson,2002-06-19,NB,2019-04-07,Gift Card,Mid,1
CUST00311,John,Martinez,1995-05-09,M,2021-04-16,Mastercard,High,1
CUST00312,James,Wilson,1984-12-24,F,2023-10-23,Debit,High,1
CUST00313,Amanda,Gill,1970-01-11,M,2021-03-06,Mastercard,Mid,0
CUST00314,Jacob,Robinson,1966-04-18,M,2022-01-01,Debit,Mid,1
CUST00315,Todd,Hardy,1964-07-12,F,2020-01-21,Debit,Mid,1
CUST00316,Tiffany,Warren,1987-11-15,M,2020-09-12,Gift Card,High,0
CUST00317,Justin,Garcia,2000-12-19,F,2024-02-16,Mastercard,Low,0
CUST00318,James,Perez,1983-05-25,F,2021-02-18,Visa,Mid,1
CUST00319,Harry,Smith,1999-10-23,F,2019-07-21,Debit,High,1
CUST00320,Amanda,Hill,1986-01-27,F,2021-04-27,Mastercard,High,1
CUST00321,Terri,Tran,1995-06-19,M,2020-08-27,Mastercard,Mid,0
CUST00322,Heidi,Martinez,1988-04-14,F,2020-06-11,Debit,High,1
CUST00323,Miranda,Henry,1989-08-06,F,2019-12-13,Mastercard,Low,0
CUST00324,Monique,Andrews,1963-04-09,F,2021-12-09,Mastercard,High,1
CUST00325,Taylor,Alexander,1994-12-31,M,2019-10-09,Debit,High,1
CUST00326,Jack,Williams,1991-06-26,F,2019-05-04,Visa,Mid,1
CUST00327,Shelley,Woods,1958-08-05,M,2021-12-25,Visa,Mid,1
CUST00328,Lynn,Morales,1959-07-16,F,2021-10-25,Debit,High,0
CUST00329,Charles,Soto,1966-08-23,M,2021-12-09,Mastercard,Mid,1
CUST00330,Brian,Hernandez,1993-08-10,M,2019-06-11,Mastercard,Mid,0
CUST00331,Anna,Torres,1965-03-26,F,2022-08-31,Gift Card,Low,1
CUST00332,Victoria,Wilson,2000-09-14,F,2019-04-25,Visa,Low,0
CUST00333,Kathy,Obrien,1987-09-21,NB,2022-03-04,Gift Card,High,0
CUST00334,Krystal,Perez,2000-08-29,M,2020-07-09,Mastercard,High,0
CUST00335,Alexandra,Hayes,1960-12-14,M,2020-01-03,Cash,High,1
CUST00336,Scott,Dalton,1993-09-25,M,2024-03-17,Mastercard,Low,0
CUST00337,Veronica,Torres,1987-10-06,M,2021-02-25,Debit,High,1
CUST00338,Christine,Lynch,1989-01-11,M,2019-04-20,Mastercard,Low,1
CUST00339,Jody,Meza,1993-08-04,M,2024-06-07,Debit,Mid,0
CUST00340,Jared,Clark,1989-12-03,M,2022-02-06,Cash,Mid,1
CUST00341,Donna,Moore,1984-07-01,M,2023-06-23,Mastercard,Mid,1
CUST00342,Glenn,Jones,1971-11-04,M,2023-02-23,Mastercard,Low,0
CUST00343,Aaron,Hayes,1982-03-15,M,2019-07-29,Mastercard,Mid,1
CUST00344,Brittney,Carter,1960-05-10,M,2019-07-03,Mastercard,Mid,1
CUST00345,Jesse,Mann,1984-03-08,M,2021-04-27,Mastercard,High,0
CUST00346,Jacqueline,Gibson,1973-03-19,M,2022-11-04,Mastercard,Mid,1
CUST00347,Grace,Bradshaw,1996-12-30,F,2020-07-19,Mastercard,Low,1
CUST00348,Kristin,Weber,2002-06-25,M,2022-05-01,Visa,Low,1
CUST00349,Donna,Peck,1992-01-31,M,2023-07-05,Cash,Mid,0
CUST00350,Ronald,Stephens,1970-03-19,NB,2020-09-07,Mastercard,Low,1
CUST00351,Deborah,Kerr,1986-08-19,F,2020-08-19,Debit,High,1
CUST00352,Margaret,Jones,1983-02-23,M,2023-07-31,Debit,High,1
CUST00353,Gabriel,Parker,1974-02-21,M,2022-10-28,Debit,High,0
CUST00354,Kaitlyn,Carroll,1984-02-20,F,2023-08-30,Debit,High,1
CUST00355,Keith,Martinez,1985-03-03,M,2020-05-10,Mastercard,Mid,1
CUST00356,Haley,Lyons,2000-12-29,F,2022-04-07,Mastercard,High,1
CUST00357,Sherri,Mason,1990-04-04,F,2022-12-07,Cash,Mid,1
CUST00358,Troy,Miller,1989-11-06,M,2019-12-07,Visa,High,1
CUST00359,Bill,Reynolds,1987-10-01,M,2024-05-31,Debit,Low,1
CUST00360,Marcus,Wright,1977-10-30,M,2021-07-01,Mastercard,Mid,1
CUST00361,Christopher,Hayden,1960-03-15,M,2021-09-15,Mastercard,High,1
CUST00362,Mary,Johnston,1970-09-17,M,2020-12-14,Mastercard,Low,1
CUST00363,Stephanie,Key,1997-04-23,M,2023-01-18,Debit,Mid,1
CUST00364,Emily,Adams,1988-10-11,F,2022-08-20,Mastercard,High,1
CUST00365,Billy,Avila,1972-05-14,NB,2020-11-08,Visa,Low,1
CUST00366,Thomas,Pearson,1996-10-08,F,2021-03-21,Mastercard,Low,1
CUST00367,Sabrina,White,1977-04-09,F,2020-02-26,Mastercard,High,1
CUST00368,Brenda,Walters,1974-10-10,M,2021-01-19,Mastercard,Mid,0
CUST00369,Travis,Davis,1986-02-12,M,2022-05-07,Mastercard,Low,1
CUST00370,Michael,Cook,1973-06-24,F,2023-07-25,Debit,High,1
CUST00371,Elizabeth,Hodge,1986-02-05,M,2019-08-30,Mastercard,Mid,1
CUST00372,Mark,Steele,1970-05-15,M,2022-03-23,Mastercard,Mid,1
CUST00373,Keith,Landry,1973-07-17,M,2022-02-10,Mastercard,Low,0
CUST00374,Lisa,Pierce,1990-03-18,M,2024-05-03,Mastercard,High,0
CUST00375,Shawn,Edwards,2002-05-29,M,2021-04-17,Debit,High,1
CUST00376,Marcus,Cordova,1960-10-08,M,2023-06-18,Debit,Mid,1
CUST00377,Richard,Robertson,1999-01-11,F,2022-03-04,Debit,Mid,1
CUST00378,Vanessa,Sandoval,1990-11-30,M,2022-01-15,Debit,High,1
CUST00379,Amy,Gutierrez,1967-03-10,F,2023-02-16,Debit,Mid,0
CUST00380,Jacob,Cox,1989-04-10,M,2023-11-01,Debit,High,1
CUST00381,Katherine,Garrett,1989-06-16,F,2023-10-30,Debit,Low,1
CUST00382,Kathleen,Harris,1976-07-26,M,2023-07-08,Mastercard,Mid,1
CUST00383,Andrea,Pennington,1984-04-03,NB,2020-08-15,Visa,Mid,0
CUST00384,Samuel,Wolfe,1970-03-01,M,2024-05-25,Debit,Low,1
CUST00385,David,Dudley,1969-11-27,M,2020-05-26,Mastercard,Low,0
CUST00386,Chelsea,Allen,1970-10-03,F,2022-03-28,Visa,Mid,1
CUST00387,Eric,Pierce,1966-05-09,M,2021-04-05,Visa,High,1
CUST00388,Andrea,Davis,1987-05-13,F,2022-04-06,Mastercard,High,1
CUST00389,Victoria,Durham,1990-02-20,F,2023-10-08,Mastercard,Low,1
CUST00390,Steven,Wilson,1982-02-03,M,2020-10-23,Debit,Mid,1
CUST00391,Marilyn,Jimenez,1988-11-02,M,2024-01-06,Debit,Low,1
CUST00392,Jennifer,Hicks,1969-02-23,M,2024-03-18,Cash,Low,0
CUST00393,Joshua,Davenport,1969-11-01,M,2023-12-12,Visa,High,1
CUST00394,Tina,Sanchez,1980-06-18,F,2019-06-18,Mastercard,Low,1
CUST00395,Andrea,Reyes,1979-01-03,F,2021-05-29,Debit,Low,1
CUST00396,Sandra,Romero,1978-04-17,M,2021-11-29,Debit,Mid,1
CUST00397,Natasha,Shields,1995-11-21,M,2022-11-22,Mastercard,Mid,1
CUST00398,Joshua,Tyler,1986-02-10,M,2021-01-22,Cash,High,1
CUST00399,Robert,Villa,1970-10-26,M,2019-05-21,Visa,Mid,1
CUST00400,William,Hoover,1971-08-01,F,2024-02-27,Mastercard,High,1
CUST00401,Justin,Evans,1969-01-18,M,2022-04-22,Debit,Mid,1
CUST00402,Brenda,Duarte,1965-07-23,F,2020-05-23,Visa,Mid,1
CUST00403,Tracy,Hernandez,1985-01-23,F,2020-02-25,Visa,High,1
CUST00404,Amanda,Reed,1979-06-22,M,2021-10-10,Mastercard,Mid,1
CUST00405,Andrea,Daniels,1959-01-31,M,2021-01-09,Cash,High,1
CUST00406,Stanley,Morris,1973-07-02,NB,2023-04-12,Visa,Low,1
CUST00407,Jacob,Terry,1977-05-10,NB,2019-03-23,Cash,Mid,1
CUST00408,Ashley,Hall,1995-04-09,M,2021-05-17,Debit,Mid,1
CUST00409,Kimberly,Williams,1985-10-21,M,2019-06-11,Visa,High,1
CUST00410,Julie,Thornton,1963-12-07,F,2020-09-27,Debit,High,1
CUST00411,Lisa,Hughes,1996-12-24,F,2019-08-26,Visa,Mid,1
CUST00412,Elizabeth,Hoover,1968-09-18,F,2019-01-26,Debit,Low,0
CUST00413,Tina,Simpson,1981-04-05,F,2019-12-08,Mastercard,High,1
CUST00414,Benjamin,Shaw,1960-08-19,M,2020-11-17,Debit,Low,1
CUST00415,Brittany,Kane,1964-11-30,M,2021-10-13,Visa,Mid,1
CUST00416,Morgan,Alexander,1980-11-20,F,2023-05-03,Mastercard,High,1
CUST00417,Alicia,Bryant,1961-12-14,M,2023-10-25,Cash,Mid,1
CUST00418,Jennifer,Ortiz,1961-03-04,F,2022-02-06,Debit,Mid,1
CUST00419,Diana,Moore,1986-09-14,F,2020-07-09,Debit,Low,1
CUST00420,Terrance,Costa,1978-01-09,M,2023-07-06,Visa,Mid,0
CUST00421,Matthew,Schwartz,1985-11-15,M,2020-11-01,Mastercard,Mid,1
CUST00422,Debra,Christian,1979-10-06,NB,2021-08-08,Mastercard,High,1
CUST00423,Melissa,Villarreal,1979-12-29,M,2019-11-05,Mastercard,Low,1
CUST00424,Norman,Stewart,1958-11-11,F,2024-05-01,Mastercard,Mid,1
CUST00425,Jennifer,Malone,1976-05-29,M,2021-12-21,Gift Card,High,0
CUST00426,Monique,Johnson,1983-02-08,M,2019-07-10,Mastercard,High,1
CUST00427,Casey,Welch,1999-02-17,F,2024-06-18,Debit,Mid,1
CUST00428,Samantha,Bright,1963-08-03,M,2021-06-09,Debit,Mid,0
CUST00429,Julie,Hamilton,1993-04-03,M,2022-12-06,Debit,Mid,1
CUST00430,Corey,Schultz,1970-03-19,M,2023-05-17,Debit,Low,1
CUST00431,Monique,Wallace,1968-10-31,F,2022-01-02,Mastercard,Mid,1
CUST00432,Heather,Berger,1966-02-10,M,2019-11-19,Debit,High,1
CUST00433,Brandon,Flynn,1987-05-30,M,2019-10-31,Mastercard,Mid,1
CUST00434,Kelly,Brooks,1981-05-05,M,2023-08-07,Gift Card,Mid,1
CUST00435,Dustin,Schmidt,1980-06-01,F,2019-07-13,Visa,Low,1
CUST00436,Ashlee,Sparks,1977-12-10,M,2019-09-25,Mastercard,Mid,0
CUST00437,George,Miller,1981-03-22,M,2024-02-22,Debit,Low,0
CUST00438,Monica,Harvey,1969-07-22,F,2019-07-08,Cash,Mid,1
CUST00439,John,Durham,1973-01-26,F,2024-03-07,Visa,Mid,1
CUST00440,Douglas,Murray,1973-07-03,M,2020-12-25,Mastercard,Mid,0
CUST00441,Jonathan,Scott,1980-01-19,M,2022-08-18,Mastercard,Mid,1
CUST00442,Albert,Ballard,1970-04-24,F,2021-05-08,Mastercard,Mid,1
CUST00443,Rachel,Byrd,1959-10-02,M,2021-02-22,Debit,Mid,1
CUST00444,Eric,Alexander,1986-11-08,M,2021-03-06,Mastercard,Mid,1
CUST00445,Michael,Matthews,1983-03-16,F,2019-04-30,Debit,Mid,1
CUST00446,Danielle,Coleman,1972-04-27,M,2019-07-25,Mastercard,Mid,1
CUST00447,John,Bruce,1977-09-07,F,2022-03-25,Debit,Mid,0
CUST00448,James,Cruz,1973-10-19,F,2020-04-29,Visa,Mid,0
CUST00449,Timothy,Young,1989-07-20,M,2024-04-24,Visa,High,0
CUST00450,Ashley,Andrews,2002-02-28,F,2022-01-15,Mastercard,Low,1
CUST00451,Victoria,Phillips,2000-11-18,F,2019-01-02,Mastercard,High,1
CUST00452,Tiffany,Barrett,1987-01-12,F,2019-05-02,Mastercard,High,1
CUST00453,Joshua,Knight,1990-09-26,F,2024-05-21,Mastercard,Mid,1
CUST00454,Gina,Garner,1986-12-11,F,2019-10-07,Gift Card,Mid,1
CUST00455,Brandon,Obrien,1986-06-19,F,2019-12-23,Debit,High,1
CUST00456,Tyler,Strong,1973-09-24,F,2021-02-13,Mastercard,Low,1
CUST00457,Justin,Lindsey,1993-02-17,NB,2023-10-09,Gift Card,Low,1
CUST00458,Catherine,Gomez,1977-10-26,F,2022-08-02,Visa,Low,1
CUST00459,Dana,Oliver,1986-08-31,NB,2019-12-10,Visa,High,1
CUST00460,Erica,Le,1988-02-14,M,2021-07-03,Mastercard,Mid,1
CUST00461,Donna,Massey,1958-02-11,F,2019-04-09,Mastercard,High,0
CUST00462,Courtney,Berger,1991-12-23,M,2020-12-20,Visa,Mid,0
CUST00463,Debbie,Parker,1978-03-28,F,2019-11-30,Visa,Low,1
CUST00464,Scott,Riley,1967-05-25,F,2019-06-01,Mastercard,Low,1
CUST00465,Jessica,Davis,1966-05-09,F,2020-11-23,Visa,Mid,1
CUST00466,Kenneth,Burgess,1972-10-20,M,2022-05-28,Cash,Low,1
CUST00467,Gregory,Anderson,1981-10-19,M,2022-09-14,Mastercard,Low,1
CUST00468,Amber,Mata,1971-10-12,M,2019-04-22,Mastercard,Mid,1
CUST00469,Alyssa,Mcintyre,1975-11-30,M,2019-07-18,Mastercard,Mid,1
CUST00470,Maria,Scott,1985-08-31,F,2023-05-27,Mastercard,Mid,1
CUST00471,Makayla,Olson,1974-08-03,M,2021-01-29,Cash,Mid,1
CUST00472,Lindsay,Francis,1978-04-19,M,2023-09-11,Mastercard,High,1
CUST00473,Matthew,Wilson,1988-11-04,NB,2023-07-14,Visa,Mid,1
CUST00474,Sydney,Taylor,1995-07-23,F,2024-05-31,Visa,Mid,0
CUST00475,Tammy,Dalton,1965-01-31,F,2021-03-19,Cash,Mid,0
CUST00476,Jennifer,Whitney,1971-03-25,M,2019-09-04,Cash,High,1
CUST00477,Tammy,Ballard,1975-04-17,M,2019-09-16,Mastercard,Mid,1
CUST00478,Michael,Gibbs,1971-04-08,M,2023-09-05,Visa,High,1
CUST00479,Alexander,Herrera,1993-08-25,M,2022-02-04,Mastercard,Mid,0
CUST00480,Shawn,Chambers,1995-08-24,M,2019-08-19,Mastercard,Mid,1
CUST00481,Emily,Richards,1967-06-24,F,2022-02-26,Debit,High,0
CUST00482,Lynn,Bentley,1981-09-12,F,2021-02-23,Debit,Mid,1
CUST00483,Daniel,Hall,1994-01-15,F,2019-03-21,Mastercard,Mid,1
CUST00484,Angel,Henson,1982-02-04,M,2024-01-12,Mastercard,High,1
CUST00485,Anna,Herman,1966-10-24,M,2024-06-14,Cash,High,1
CUST00486,Jeffrey,Brown,1982-03-04,F,2023-02-01,Mastercard,Low,1
CUST00487,Madison,Blankenship,2001-06-18,M,2023-04-05,Visa,Low,1
CUST00488,Kevin,Ortiz,1994-03-11,F,2019-10-05,Debit,Mid,1
CUST00489,Donald,Shah,1976-01-04,M,2023-09-11,Mastercard,Low,1
CUST00490,Kevin,Vasquez,1991-01-18,M,2023-08-14,Visa,High,1
CUST00491,Colton,Clay,2001-11-07,NB,2022-05-01,Mastercard,Mid,1
CUST00492,Derek,Chavez,1981-03-16,M,2023-03-14,Debit,Low,1
CUST00493,Ellen,Paul,1977-03-24,M,2023-10-22,Mastercard,Low,1
CUST00494,Sonya,Barnes,1958-10-19,F,2021-08-28,Cash,Mid,1
CUST00495,Julia,Moore,1985-05-28,F,2022-12-30,Gift Card,Mid,1
CUST00496,Robert,Garcia,1980-08-10,F,2020-03-22,Visa,High,1
CUST00497,Tracy,Russell,1991-07-29,F,2022-02-23,Visa,Mid,1
CUST00498,Stephanie,Johnson,1982-10-21,M,2022-08-04,Mastercard,Mid,0
CUST00499,Mitchell,Ramos,1974-11-25,M,2019-11-04,Visa,Low,0
CUST00500,Stephanie,Foley,1994-04-03,M,2022-09-14,Mastercard,Low,1
CUST00501,Cory,Jennings,1995-07-21,M,2021-04-08,Mastercard,High,1
CUST00502,Amy,Levine,1977-12-13,F,2022-11-06,Visa,High,1
CUST00503,Michael,Sanders,1973-04-02,F,2023-09-18,Debit,Mid,1
CUST00504,James,Martinez,1974-06-04,M,2024-04-23,Debit,Low,1
CUST00505,Melanie,Gibson,1985-07-20,M,2021-05-11,Debit,Mid,1
CUST00506,Elizabeth,May,2000-03-19,F,2019-04-20,Cash,High,1
CUST00507,Carla,Smith,2002-11-25,M,2019-09-03,Cash,Mid,1
CUST00508,Kristin,Sanchez,1970-04-29,NB,2020-02-15,Mastercard,High,0
CUST00509,David,Cunningham,1974-03-07,M,2023-05-15,Mastercard,High,1
CUST00510,Casey,Hubbard,1998-07-22,F,2020-07-14,Mastercard,Mid,1
CUST00511,Jamie,Robinson,1965-11-24,F,2019-09-23,Visa,Mid,0
CUST00512,Molly,Murphy,1961-05-21,M,2021-12-29,Mastercard,Low,1
CUST00513,Dylan,Lester,1975-02-05,F,2019-02-06,Debit,Low,1
CUST00514,Aaron,Garrison,1969-07-26,F,2019-07-30,Mastercard,Low,0
CUST00515,Duane,Anderson,1984-02-03,F,2021-07-22,Debit,Mid,0
CUST00516,John,Thompson,1988-09-30,F,2024-01-21,Visa,Low,0
CUST00517,Donna,Johnson,1959-09-19,NB,2020-04-12,Mastercard,Low,1
CUST00518,Alexis,Tyler,1969-01-18,F,2021-01-20,Debit,Mid,1
CUST00519,John,Morris,1962-05-12,F,2022-05-01,Gift Card,Mid,1
CUST00520,Grant,Williams,1995-05-23,F,2021-06-28,Mastercard,Mid,1
CUST00521,Judy,Fox,1958-11-01,M,2020-09-08,Mastercard,Mid,1
CUST00522,Julie,Alvarez,1995-07-30,F,2023-08-29,Cash,Mid,1
CUST00523,Kimberly,Palmer,2002-08-27,F,2020-02-11,Visa,High,0
CUST00524,Daniel,Gordon,1994-10-05,F,2020-08-27,Mastercard,High,1
CUST00525,Sonia,Williams,1979-01-15,M,2019-01-06,Mastercard,Low,1
CUST00526,Krista,Camacho,1966-01-30,F,2023-05-16,Visa,Low,1
CUST00527,Adrienne,Ellis,1984-07-23,M,2020-06-24,Visa,Low,1
CUST00528,Tamara,Brown,1986-01-20,M,2021-05-22,Debit,High,1
CUST00529,Timothy,Morales,1973-04-19,M,2020-11-04,Mastercard,Mid,0
CUST00530,Gina,Henry,1988-09-30,M,2020-01-10,Mastercard,Mid,0
CUST00531,Renee,Jones,2000-11-27,F,2023-06-27,Mastercard,Low,1
CUST00532,Christopher,Franklin,1972-04-20,F,2019-08-01,Mastercard,High,1
CUST00533,Cameron,Hill,1992-01-26,M,2023-05-15,Mastercard,Mid,0
CUST00534,Cynthia,Kelley,1969-09-21,M,2021-09-16,Cash,Mid,1
CUST00535,Mark,Vang,1986-03-11,F,2019-01-26,Debit,High,1
CUST00536,Alyssa,Chavez,1988-05-08,F,2021-11-29,Visa,Low,1
CUST00537,Catherine,Garcia,1989-01-07,M,2022-09-21,Debit,High,1
CUST00538,Jacqueline,Farrell,1962-11-24,M,2019-01-24,Visa,High,0
CUST00539,Debra,Mack,1964-09-19,M,2023-03-19,Visa,High,1
CUST00540,Jennifer,Lewis,1991-12-21,M,2021-04-05,Debit,Mid,1
CUST00541,Shannon,Perez,2002-09-20,NB,2021-07-04,Mastercard,High,1
CUST00542,Matthew,Chavez,1961-03-20,F,2022-02-15,Visa,High,0
CUST00543,Robert,Davis,1976-07-23,NB,2022-09-02,Debit,Mid,1
CUST00544,Ronald,Ortega,1998-10-09,F,2020-11-10,Visa,Mid,1
CUST00545,Nicholas,Hernandez,1968-03-25,M,2019-07-19,Debit,Mid,0
CUST00546,Sandra,Jones,1984-03-12,F,2022-01-26,Visa,Low,1
CUST00547,Marie,Davis,1994-09-18,M,2019-08-08,Mastercard,Low,0
CUST00548,Colin,Rodgers,1975-02-05,F,2023-01-07,Mastercard,Low,1
CUST00549,Lisa,Hawkins,1969-01-20,M,2023-05-01,Cash,Mid,1
CUST00550,Brenda,Hoffman,1958-05-23,F,2021-12-22,Debit,Mid,1
CUST00551,Mark,Martinez,1973-11-24,F,2022-11-17,Visa,Low,1
CUST00552,Michael,Ortega,1986-11-16,M,2021-10-29,Cash,Mid,1
CUST00553,Karen,Parrish,1993-09-11,M,2024-05-27,Mastercard,High,1
CUST00554,Jennifer,Schmitt,1984-10-25,F,2023-09-23,Debit,High,0
CUST00555,Caroline,Bell,1976-01-09,M,2020-03-05,Visa,Mid,1
CUST00556,Becky,Lewis,1973-12-14,F,2021-10-28,Visa,High,1
CUST00557,Diane,Walker,1995-06-15,F,2022-10-12,Debit,Mid,0
CUST00558,Daniel,Bruce,1967-07-21,M,2019-02-21,Mastercard,Low,1
CUST00559,Michael,Farmer,1983-09-18,F,2022-10-31,Mastercard,Mid,1
CUST00560,Audrey,Aguirre,1960-11-24,M,2021-01-04,Debit,High,1
CUST00561,Megan,Villegas,1992-11-21,F,2020-05-01,Visa,Mid,1
CUST00562,Loretta,Austin,1992-03-26,F,2021-03-04,Mastercard,Mid,0
CUST00563,Dawn,Johnson,1980-07-19,F,2020-02-20,Visa,High,0
CUST00564,Sarah,Gallegos,1990-12-29,F,2023-03-27,Visa,Low,1
CUST00565,Joseph,White,1998-04-07,M,2019-12-30,Gift Card,High,1
CUST00566,Jacqueline,Parker,1961-08-24,M,2021-05-27,Mastercard,Low,0
CUST00567,Matthew,Smith,1999-11-02,M,2022-12-24,Cash,High,1
CUST00568,Molly,Knight,1985-01-07,F,2021-10-01,Debit,Low,1
CUST00569,Richard,Thomas,1974-07-01,F,2021-12-02,Mastercard,Mid,1
CUST00570,Cynthia,Johnson,1977-11-05,M,2023-12-15,Mastercard,Mid,1
CUST00571,Julie,Lewis,2000-08-08,NB,2022-02-23,Debit,Low,1
CUST00572,Robert,Peterson,1979-11-16,F,2024-05-17,Mastercard,Mid,1
CUST00573,Mitchell,Griffith,1981-01-07,M,2022-01-11,Debit,Mid,1
CUST00574,Kimberly,Bradley,1997-12-22,F,2021-09-23,Mastercard,Low,1
CUST00575,Christopher,Williams,1973-01-07,F,2024-06-12,Gift Card,Low,1
CUST00576,Eric,Williamson,1977-02-15,F,2023-11-07,Debit,Low,0
CUST00577,Emily,Nelson,1997-01-17,M,2022-08-17,Debit,Mid,1
CUST00578,Ebony,Tucker,1961-05-26,M,2019-06-29,Mastercard,Mid,1
CUST00579,Scott,Nelson,1981-03-16,F,2021-04-14,Mastercard,Mid,1
CUST00580,Kari,Wilson,1958-07-13,M,2022-08-06,Debit,High,1
CUST00581,Russell,Campbell,1990-02-03,M,2024-03-15,Visa,Mid,1
CUST00582,Erika,Tucker,1997-04-07,F,2021-02-20,Mastercard,Mid,1
CUST00583,Elizabeth,Williams,1993-01-29,F,2023-06-20,Debit,High,1
CUST00584,Randall,Greene,1991-06-23,F,2024-05-14,Cash,Mid,1
CUST00585,Adrian,Turner,1993-05-10,M,2022-01-05,Visa,Low,1
CUST00586,Jason,Taylor,1976-12-30,F,2021-04-25,Cash,Low,1
CUST00587,Jonathan,Murphy,1980-09-03,F,2020-02-02,Mastercard,Mid,1
CUST00588,Adrian,Burgess,1999-05-20,M,2022-08-13,Visa,Low,1
CUST00589,Gregory,James,2001-09-16,M,2024-05-02,Mastercard,Mid,1
CUST00590,Jane,Mason,1975-05-12,M,2020-10-12,Visa,Mid,1
CUST00591,Martha,Drake,1990-09-13,M,2023-07-13,Mastercard,Low,1
CUST00592,Charles,Hensley,1997-02-15,M,2020-07-20,Debit,High,0
CUST00593,Bobby,Smith,1990-03-09,F,2023-05-06,Mastercard,Low,1
CUST00594,Samantha,Atkins,1970-07-24,M,2023-12-31,Visa,High,1
CUST00595,Barbara,Berry,1959-09-03,M,2023-10-06,Visa,Mid,1
CUST00596,Jenna,Butler,1961-04-16,F,2022-02-03,Mastercard,Mid,1
CUST00597,Darius,Smith,1993-03-19,F,2020-04-02,Cash,High,1
CUST00598,Mark,Solis,1966-02-15,M,2021-03-23,Mastercard,Low,0
CUST00599,Christine,Collier,1972-11-17,M,2023-03-31,Visa,Low,0
CUST00600,Samantha,Davis,1971-02-12,F,2023-02-16,Debit,Low,1
CUST00601,Megan,Sanchez,1981-09-19,F,2021-01-26,Mastercard,Mid,1
CUST00602,Brianna,Warren,1998-10-15,NB,2023-12-11,Mastercard,Mid,1
CUST00603,Randy,Collins,1982-07-15,F,2023-09-06,Debit,Mid,1
CUST00604,Matthew,Cook,1964-12-25,NB,2021-11-24,Mastercard,Low,1
CUST00605,Gary,Dixon,1988-12-15,F,2021-09-24,Debit,Low,0
CUST00606,Daniel,Hicks,1978-08-20,M,2019-06-07,Visa,Low,1
CUST00607,Rebecca,Bailey,1968-08-13,F,2022-09-15,Mastercard,High,1
CUST00608,Jessica,Fuentes,1976-11-26,F,2022-04-24,Mastercard,Low,1
CUST00609,Lisa,Young,1972-06-15,M,2019-10-03,Visa,Mid,1
CUST00610,Dwayne,Gonzalez,1974-02-25,F,2021-11-24,Gift Card,Mid,1
CUST00611,Carrie,Wolf,1983-06-07,M,2024-04-23,Mastercard,High,0
CUST00612,Diana,Thompson,1994-11-08,F,2022-05-15,Mastercard,High,1
CUST00613,Kendra,Snyder,1973-01-17,F,2023-01-23,Debit,Mid,1
CUST00614,Karen,Wolf,1969-11-11,F,2019-08-11,Mastercard,High,1
CUST00615,Shane,Glass,1966-08-22,F,2019-12-30,Visa,Low,1
CUST00616,Anne,Reid,1968-07-17,M,2019-07-10,Visa,Mid,0
CUST00617,Claudia,Lin,1996-09-17,F,2021-12-05,Mastercard,Mid,1
CUST00618,Courtney,Hernandez,2001-04-03,M,2023-06-06,Debit,High,0
CUST00619,Carlos,Ramos,1966-10-07,F,2021-05-21,Mastercard,Low,0
CUST00620,Kevin,Hill,1994-08-30,F,2020-06-11,Mastercard,High,1
CUST00621,Brian,Romero,1958-08-24,F,2021-02-07,Debit,Mid,1
CUST00622,Lance,Hayes,1980-10-03,M,2020-06-19,Cash,Mid,1
CUST00623,Brian,Decker,1976-04-10,F,2021-04-26,Visa,Low,1
CUST00624,Chase,Lin,1985-07-06,F,2022-03-29,Mastercard,High,0
CUST00625,Melissa,Gilbert,1978-08-13,NB,2021-07-03,Debit,Low,1
CUST00626,William,Ford,1962-09-02,F,2019-11-26,Mastercard,High,0
CUST00627,Angela,Conner,1997-01-22,M,2019-06-30,Mastercard,Low,1
CUST00628,Paula,Cole,1993-12-11,M,2022-06-11,Debit,High,1
CUST00629,Lisa,Pearson,1973-09-22,M,2022-08-04,Visa,High,0
CUST00630,Marc,Alvarez,1975-06-22,F,2019-03-10,Debit,Mid,1
CUST00631,Edward,Brown,1990-04-10,NB,2020-05-04,Debit,Low,1
CUST00632,Dale,Nolan,1993-06-14,F,2021-04-10,Visa,High,1
CUST00633,Matthew,Klein,1983-07-11,F,2023-01-27,Debit,Mid,0
CUST00634,William,Thompson,1975-06-15,F,2021-07-20,Cash,Mid,1
CUST00635,John,Kim,1964-06-29,NB,2021-10-27,Mastercard,High,0
CUST00636,Scott,Mills,1980-06-10,M,2022-11-22,Mastercard,Mid,1
CUST00637,Erik,Watson,1999-03-02,F,2022-10-27,Visa,Low,1
CUST00638,Justin,Ortiz,1977-10-09,F,2022-10-18,Debit,Mid,1
CUST00639,Matthew,Harper,1981-08-17,M,2020-05-23,Mastercard,High,1
CUST00640,Kristina,Holland,1974-01-05,M,2021-09-02,Mastercard,Mid,1
CUST00641,Cameron,Davis,1975-01-23,M,2021-10-18,Debit,Low,1
CUST00642,Erika,Mitchell,1980-05-27,M,2023-09-09,Visa,Low,0
CUST00643,Jennifer,Douglas,2002-03-14,F,2022-06-11,Mastercard,High,0
CUST00644,Rebecca,Marks,1986-04-19,F,2021-10-05,Cash,Mid,1
CUST00645,Mathew,Aguilar,1983-02-22,F,2021-03-25,Mastercard,Low,1
CUST00646,Donald,Bailey,1960-12-03,F,2021-10-26,Mastercard,High,1
CUST00647,Tammy,Hale,1999-04-11,M,2020-10-08,Debit,Low,1
CUST00648,Philip,Larson,1981-04-19,M,2020-01-19,Visa,Mid,1
CUST00649,Sharon,Collins,2002-09-30,F,2021-05-18,Mastercard,Mid,0
CUST00650,Nicholas,Conner,1974-02-20,F,2022-03-16,Mastercard,Low,1
CUST00651,Lisa,Santiago,1979-02-26,M,2022-02-11,Mastercard,Low,0
CUST00652,Maria,Rodgers,1958-11-16,M,2019-12-28,Mastercard,High,1
CUST00653,Gina,Fox,1986-04-29,M,2023-05-28,Visa,High,1
CUST00654,Debbie,Henderson,1972-08-27,M,2019-05-03,Mastercard,High,1
CUST00655,Michael,Cox,1981-04-22,F,2021-01-09,Mastercard,High,1
CUST00656,Henry,Lewis,1989-07-01,F,2023-11-12,Debit,Mid,1
CUST00657,Stacey,Tucker,1983-07-15,F,2020-12-28,Mastercard,High,1
CUST00658,Jeremy,Taylor,1983-09-15,M,2021-08-07,Visa,Low,1
CUST00659,Chris,Richard,1994-04-25,M,2023-10-05,Cash,Mid,1
CUST00660,Craig,Wise,1981-12-30,M,2022-05-24,Visa,Mid,0
CUST00661,Mary,Stephenson,1998-05-26,F,2021-04-27,Mastercard,Low,1
CUST00662,Benjamin,Rogers,1965-03-08,M,2020-03-07,Mastercard,Low,0
CUST00663,Katie,Anderson,1960-05-13,F,2023-04-28,Mastercard,Low,1
CUST00664,Nicholas,Martin,1992-12-22,F,2020-09-25,Mastercard,Mid,1
CUST00665,Marie,Wise,1973-04-22,M,2019-02-28,Mastercard,High,0
CUST00666,Lisa,Martin,1982-06-10,NB,2022-01-28,Mastercard,Mid,1
CUST00667,Samuel,Jenkins,1997-01-09,F,2021-12-08,Visa,High,1
CUST00668,Erica,Young,1966-01-13,M,2021-06-23,Mastercard,Low,1
CUST00669,Sean,Mitchell,1970-03-25,F,2020-12-05,Mastercard,Mid,1
CUST00670,Kaitlyn,Cole,1984-11-17,F,2019-01-19,Debit,Mid,1
CUST00671,Amanda,Collins,1974-12-02,M,2021-04-23,Cash,Low,1
CUST00672,Lindsey,Harrison,1991-12-12,M,2020-03-27,Mastercard,Low,1
CUST00673,Mary,Richardson,1982-05-23,F,2020-08-06,Visa,Mid,1
CUST00674,Stacey,Joyce,1970-04-04,M,2020-08-16,Mastercard,Mid,1
CUST00675,Steven,Campbell,1986-10-07,NB,2019-02-09,Mastercard,Low,0
CUST00676,Patrick,Rose,1969-03-21,M,2023-01-04,Mastercard,Low,1
CUST00677,Tammy,Montoya,1995-09-14,F,2020-09-30,Debit,Mid,1
CUST00678,Laurie,Taylor,1965-03-13,M,2023-09-24,Debit,Mid,1
CUST00679,John,Davidson,1974-04-17,M,2020-01-29,Cash,Mid,1
CUST00680,Morgan,Spencer,1980-05-02,M,2021-02-27,Debit,High,1
CUST00681,Curtis,Singleton,1966-06-06,M,2021-12-03,Debit,Mid,0
CUST00682,Melissa,Mitchell,1972-03-25,F,2022-07-12,Debit,Mid,1
CUST00683,Kathryn,Nelson,1984-10-22,M,2020-02-11,Mastercard,Mid,0
CUST00684,Rebecca,Hernandez,1996-12-13,F,2020-10-26,Mastercard,Mid,1
CUST00685,Samuel,Potts,1961-10-08,F,2022-04-05,Debit,Mid,1
CUST00686,Jeffrey,Hayes,1972-02-24,F,2021-10-20,Mastercard,High,0
CUST00687,Michael,Johnson,1963-05-13,F,2020-12-29,Visa,High,1
CUST00688,Brian,Shaw,1989-02-27,F,2023-07-08,Cash,Low,1
CUST00689,Joe,Vang,1980-06-28,F,2024-01-15,Mastercard,Mid,1
CUST00690,Nicholas,Johnson,1974-09-29,F,2022-01-18,Mastercard,Mid,0
CUST00691,Sarah,Combs,1972-05-21,M,2019-05-22,Visa,High,1
CUST00692,Debra,Moody,1992-01-03,M,2023-02-11,Mastercard,High,1
CUST00693,Devin,Mitchell,1963-09-07,F,2022-09-10,Gift Card,Low,1
CUST00694,Maria,Horton,1971-10-30,M,2022-06-09,Mastercard,Mid,1
CUST00695,Dominic,Thornton,1961-12-05,M,2023-09-07,Cash,Low,1
CUST00696,Shane,Smith,1960-11-08,M,2022-03-15,Visa,Mid,1
CUST00697,Christian,Scott,1962-05-28,F,2021-01-20,Mastercard,Low,0
CUST00698,Mary,Dunn,1965-03-05,M,2021-08-16,Debit,Mid,0
CUST00699,Jessica,Rose,1991-02-10,F,2023-06-15,Debit,Mid,1
CUST00700,Daniel,Roberts,1985-04-07,NB,2019-06-09,Cash,Low,1
CUST00701,Kevin,Williams,1974-12-31,M,2020-01-31,Visa,Mid,1
CUST00702,Robert,Bauer,1995-04-01,F,2023-03-09,Mastercard,Mid,1
CUST00703,Stephen,Rodriguez,1967-05-05,F,2019-12-08,Debit,Mid,1
CUST00704,Rebecca,Carlson,1997-09-29,M,2024-03-26,Mastercard,High,1
CUST00705,Allen,Robertson,1996-08-18,F,2023-08-19,Debit,Mid,1
CUST00706,John,Thomas,1980-10-17,M,2021-01-07,Gift Card,Mid,1
CUST00707,Ruben,Mendez,1959-06-19,F,2021-11-26,Mastercard,Low,0
CUST00708,John,Butler,1986-04-02,NB,2019-02-14,Debit,High,0
CUST00709,Elizabeth,Miller,1971-11-18,M,2019-07-13,Mastercard,Low,1
CUST00710,Theresa,Jones,1978-11-26,M,2020-06-08,Debit,Mid,0
CUST00711,Alicia,Romero,1987-02-17,F,2023-06-12,Visa,High,1
CUST00712,Vanessa,Spencer,1966-07-22,M,2022-05-04,Visa,High,1
CUST00713,Peter,Harrison,1988-01-01,M,2020-12-13,Cash,High,1
CUST00714,Cynthia,Zavala,1959-01-10,M,2022-07-22,Debit,Mid,1
CUST00715,Jon,Smith,1971-06-03,M,2020-10-31,Visa,Low,1
CUST00716,Kristina,Cooper,1997-12-23,F,2023-03-22,Visa,Low,1
CUST00717,Jessica,Fuller,1969-11-10,F,2020-11-19,Mastercard,Low,1
CUST00718,Kelsey,Moss,1996-12-24,F,2023-05-04,Debit,Mid,1
CUST00719,Marvin,Williams,1975-08-05,F,2022-02-23,Visa,Low,1
CUST00720,Amy,Li,1987-01-06,M,2022-11-03,Cash,Mid,1
CUST00721,Gregory,Maxwell,1986-10-10,M,2020-12-06,Visa,Mid,0
CUST00722,Steven,Dominguez,1997-09-03,M,2022-06-30,Mastercard,High,1
CUST00723,Crystal,Cain,1965-09-12,M,2019-08-19,Debit,Mid,1
CUST00724,Bryan,Parsons,1983-10-23,F,2019-01-29,Mastercard,Mid,1
CUST00725,Stephen,Carter,1977-01-03,F,2020-02-22,Visa,Mid,1
CUST00726,Bradley,Gonzalez,1959-08-26,F,2021-02-10,Visa,Low,1
CUST00727,Bobby,Mahoney,1982-05-04,NB,2019-04-19,Visa,Low,1
CUST00728,Zachary,Hays,1990-04-26,M,2023-11-06,Mastercard,High,1
CUST00729,Amy,King,1966-12-08,F,2024-01-26,Mastercard,Mid,1
CUST00730,Karen,Lee,1999-02-02,M,2022-02-22,Cash,Low,1
CUST00731,Michael,Norman,1993-04-17,M,2023-03-05,Mastercard,Mid,1
CUST00732,Michelle,Rivera,2002-12-21,F,2020-07-18,Debit,High,0
CUST00733,David,Richardson,1960-08-23,M,2024-04-17,Visa,Low,0
CUST00734,Pamela,Paul,1965-11-16,NB,2023-02-03,Mastercard,Mid,1
CUST00735,Patricia,Hughes,1979-07-26,NB,2022-03-19,Mastercard,High,1
CUST00736,Terri,Crawford,1976-07-20,F,2022-08-29,Mastercard,High,0
CUST00737,Tyler,Glass,1970-02-18,NB,2021-05-30,Gift Card,Low,0
CUST00738,April,Owen,1986-06-26,NB,2019-05-19,Visa,Low,1
CUST00739,Jessica,Miller,1960-08-24,NB,2023-04-17,Mastercard,High,1
CUST00740,Carrie,Short,1982-07-25,M,2019-11-08,Debit,Low,1
CUST00741,Amy,Morris,1981-12-10,M,2022-05-25,Visa,Low,1
CUST00742,Christopher,Guerrero,2000-10-04,F,2019-10-02,Visa,High,1
CUST00743,Kirk,Morrison,2002-02-02,M,2021-08-28,Mastercard,Low,1
CUST00744,Ronald,Norris,1982-03-18,F,2024-04-30,Mastercard,High,1
CUST00745,Michael,Williams,1997-05-30,F,2023-11-11,Visa,High,0
CUST00746,Molly,Gomez,1961-10-02,M,2022-05-30,Debit,Mid,1
CUST00747,Whitney,Hill,1961-06-15,M,2021-12-02,Mastercard,High,0
CUST00748,Tina,Gould,1993-06-29,M,2023-02-14,Mastercard,High,0
CUST00749,Charles,Walsh,1997-06-08,F,2021-03-26,Cash,Mid,1
CUST00750,Michael,Owen,1962-11-23,M,2022-11-14,Visa,High,1
CUST00751,Erin,Cisneros,1968-02-26,F,2020-01-04,Debit,Mid,1
CUST00752,Douglas,Lawson,1998-06-14,F,2019-02-21,Mastercard,High,1
CUST00753,Kimberly,Johnson,1980-06-08,F,2020-10-25,Debit,High,1
CUST00754,Carlos,Osborne,1968-03-29,M,2022-12-17,Mastercard,Mid,1
CUST00755,Michael,Reyes,1972-05-06,M,2021-02-14,Visa,Low,1
CUST00756,Ashley,Jacobs,1971-06-20,M,2019-11-29,Cash,High,1
CUST00757,Erika,Rush,1998-01-13,M,2020-08-14,Visa,Low,1
CUST00758,Nathan,Hines,1980-09-15,F,2019-01-26,Visa,Mid,1
CUST00759,Audrey,Moreno,1979-05-05,F,2020-03-20,Visa,Mid,1
CUST00760,Raymond,Banks,1979-12-15,F,2023-12-12,Visa,Mid,0
CUST00761,John,Wilson,1971-04-21,M,2019-04-23,Debit,High,1
CUST00762,Jill,Porter,1984-10-10,M,2020-11-09,Cash,Mid,1
CUST00763,Paul,Hoffman,1973-12-01,F,2024-06-01,Visa,High,1
CUST00764,Jose,Green,1991-01-25,M,2024-01-13,Mastercard,Mid,1
CUST00765,Sean,Davies,1970-01-26,M,2019-09-07,Debit,Mid,1
CUST00766,Justin,Hendricks,1963-03-22,NB,2019-08-12,Visa,Mid,1
CUST00767,Travis,Martinez,1983-10-07,M,2021-05-24,Visa,Mid,0
CUST00768,Melissa,Hayes,1969-08-21,F,2022-06-12,Visa,Mid,1
CUST00769,Rachel,Wallace,1978-11-17,M,2022-12-22,Mastercard,Low,1
CUST00770,Christopher,Fleming,1976-08-07,M,2023-06-26,Visa,Low,1
CUST00771,Megan,Flores,1977-01-18,F,2019-01-24,Visa,Mid,1
CUST00772,Michael,Brown,1987-01-23,F,2023-04-20,Mastercard,Mid,1
CUST00773,Amber,Vance,1960-08-12,M,2023-09-01,Mastercard,Mid,1
CUST00774,Melissa,Joseph,1961-03-11,M,2022-08-15,Mastercard,Mid,0
CUST00775,Sara,Little,1999-06-29,F,2023-05-25,Debit,Low,1
CUST00776,Laura,Hicks,1986-04-22,M,2022-02-11,Visa,Mid,1
CUST00777,David,Harris,1989-09-21,M,2019-05-16,Gift Card,Low,0
CUST00778,Dominic,Tyler,1972-11-21,M,2022-03-15,Visa,Low,1
CUST00779,Anthony,Spencer,1986-03-20,M,2022-12-24,Mastercard,Mid,1
CUST00780,Miguel,Lara,1985-02-24,M,2020-03-18,Visa,Mid,1
CUST00781,Andrea,Salazar,1966-04-23,F,2021-06-27,Visa,High,1
CUST00782,Christopher,Parker,2001-05-17,M,2023-02-09,Cash,Mid,1
CUST00783,Yvonne,Higgins,1969-11-27,M,2020-02-25,Debit,High,1
CUST00784,Alicia,Hammond,1961-12-13,F,2022-11-08,Debit,Mid,0
CUST00785,Madeline,Jones,1986-01-13,M,2019-02-16,Visa,High,1
CUST00786,Teresa,Day,1982-10-27,M,2021-12-26,Mastercard,Low,1
CUST00787,Shannon,Frazier,1959-05-15,F,2024-05-16,Visa,Low,1
CUST00788,Melvin,Humphrey,1970-09-13,M,2024-04-15,Debit,Low,1
CUST00789,Kimberly,Bowman,1988-05-22,M,2022-01-12,Mastercard,Mid,1
CUST00790,Hunter,Burch,1962-10-29,M,2019-06-26,Mastercard,Mid,1
CUST00791,Ryan,Bartlett,1997-12-31,M,2022-06-16,Mastercard,Low,1
CUST00792,Brian,Martinez,1965-01-17,F,2024-06-17,Cash,Mid,1
CUST00793,Eric,Martin,2000-01-05,F,2019-07-19,Visa,High,1
CUST00794,Marcus,Fletcher,1978-01-29,F,2019-10-22,Cash,High,1
CUST00795,Michael,Everett,1987-08-21,M,2023-06-04,Cash,Mid,1
CUST00796,Patty,Singleton,2000-12-10,M,2021-08-02,Debit,Mid,1
CUST00797,John,Reid,1994-05-25,M,2023-08-02,Debit,Mid,1
CUST00798,Andrea,Martinez,1999-05-11,M,2021-03-31,Visa,Low,1
CUST00799,Kevin,Ferguson,1963-12-05,F,2020-11-28,Mastercard,Mid,0
CUST00800,Wayne,Jackson,1988-09-13,M,2022-01-20,Debit,Mid,1
CUST00801,Shelly,Moore,2001-08-28,M,2019-08-23,Visa,Mid,0
CUST00802,Donna,Le,1994-05-29,F,2019-05-23,Visa,Mid,1
CUST00803,Cassie,Kirby,1963-07-08,M,2019-07-05,Mastercard,Mid,1
CUST00804,Anne,Bryan,1971-03-01,F,2022-09-15,Mastercard,Mid,1
CUST00805,Anthony,Williams,1986-05-28,F,2020-09-05,Visa,Mid,0
CUST00806,Darlene,Ray,1988-11-19,F,2019-07-02,Visa,Mid,0
CUST00807,Debra,Wang,1963-08-08,NB,2021-01-26,Cash,Low,1
CUST00808,Robert,Fowler,1967-11-04,M,2023-10-30,Mastercard,Mid,1
CUST00809,Tyler,Burton,1992-05-05,F,2021-04-11,Mastercard,Mid,1
CUST00810,Keith,Frye,1992-07-03,F,2023-09-24,Cash,Low,0
CUST00811,Timothy,Ballard,1970-01-18,M,2019-01-24,Mastercard,High,1
CUST00812,Gail,Evans,1970-03-08,F,2019-06-23,Mastercard,High,0
CUST00813,Charles,Brown,1996-03-11,F,2022-06-30,Mastercard,Mid,1
CUST00814,Scott,Washington,1974-09-02,F,2021-05-19,Visa,High,1
CUST00815,James,Lawson,1994-11-10,M,2024-03-12,Visa,High,1
CUST00816,Larry,Higgins,1968-02-26,F,2022-04-03,Visa,Low,1
CUST00817,Jessica,Valencia,1983-01-26,F,2021-08-10,Visa,Mid,1
CUST00818,Theresa,Anderson,1965-01-02,F,2022-11-01,Visa,Mid,1
CUST00819,Mitchell,Hoffman,1958-12-20,F,2021-08-18,Visa,Mid,1
CUST00820,Luis,Owens,1984-06-07,F,2020-08-15,Mastercard,Mid,1
CUST00821,Joseph,Wright,1981-05-14,F,2019-05-06,Visa,Mid,1
CUST00822,Colin,Roberts,1960-06-13,M,2020-08-10,Visa,Low,1
CUST00823,Patrick,Gilbert,1983-03-17,M,2020-07-17,Cash,Low,1
CUST00824,John,Grimes,1971-07-24,F,2022-09-11,Mastercard,Mid,1
CUST00825,Erik,Murphy,1960-12-20,NB,2020-12-03,Gift Card,Mid,0
CUST00826,Becky,Edwards,1995-01-18,F,2023-04-27,Mastercard,High,1
CUST00827,Kathryn,Jimenez,1988-12-16,F,2019-04-22,Visa,Low,1
CUST00828,Xavier,Jimenez,1985-01-14,F,2021-09-02,Debit,Mid,1
CUST00829,Kyle,Johnson,2000-07-30,F,2020-06-21,Mastercard,Low,0
CUST00830,Sierra,Wagner,1986-04-28,NB,2024-05-23,Visa,Low,1
CUST00831,Tammy,Lewis,1996-09-26,F,2022-06-04,Cash,Mid,1
CUST00832,Michael,Williams,1993-02-03,F,2021-08-02,Debit,High,1
CUST00833,Troy,Khan,1988-04-09,M,2022-10-19,Debit,Mid,1
CUST00834,Destiny,Ruiz,1959-01-27,M,2021-04-22,Mastercard,Mid,1
CUST00835,Amanda,Boone,1975-04-28,M,2019-03-11,Mastercard,High,1
CUST00836,Ryan,Khan,1968-12-04,M,2022-12-21,Gift Card,Mid,1
CUST00837,Jessica,Gallagher,1974-07-30,M,2024-01-10,Mastercard,Mid,1
CUST00838,Michael,Morales,1998-09-06,F,2024-03-04,Gift Card,Mid,1
CUST00839,Ashley,Lee,1981-02-01,M,2019-11-28,Debit,Low,1
CUST00840,Angela,Jones,1981-03-02,M,2024-05-11,Debit,Low,0
CUST00841,William,Duran,1993-03-23,M,2020-01-01,Visa,Mid,1
CUST00842,Joshua,Hays,1967-07-14,M,2024-02-13,Mastercard,Low,1
CUST00843,Erin,Wilson,1998-01-01,M,2019-02-08,Cash,Mid,0
CUST00844,Theresa,Long,1981-11-26,F,2019-11-07,Debit,Mid,1
CUST00845,Laura,Morgan,2002-01-08,F,2021-09-06,Mastercard,High,1
CUST00846,Sheila,Fischer,1958-04-19,F,2021-02-26,Gift Card,Mid,1
CUST00847,James,Hicks,1990-03-15,M,2020-11-13,Debit,Mid,0
CUST00848,Vincent,Williams,1988-07-05,F,2019-06-14,Debit,Mid,1
CUST00849,Derrick,Cook,1992-06-19,F,2022-09-15,Mastercard,High,1
CUST00850,Thomas,Bryant,1965-08-12,F,2023-12-18,Visa,Low,1
CUST00851,Catherine,Robertson,1979-05-25,F,2021-09-28,Mastercard,Mid,1
CUST00852,Mark,Austin,1998-04-23,M,2024-06-02,Gift Card,Low,1
CUST00853,Francisco,Ewing,1968-08-08,F,2020-03-09,Debit,Mid,1
CUST00854,Jodi,Evans,1971-05-13,F,2023-02-26,Visa,Low,1
CUST00855,Matthew,Clayton,2000-04-10,M,2024-02-01,Cash,High,1
CUST00856,Amanda,Erickson,1962-06-26,F,2024-01-27,Mastercard,Mid,1
CUST00857,Kevin,Cabrera,1967-07-17,F,2019-08-22,Visa,Low,1
CUST00858,Micheal,Nunez,1994-01-25,F,2020-10-26,Mastercard,Mid,1
CUST00859,Tina,Silva,1977-02-17,M,2023-04-15,Mastercard,Low,1
CUST00860,Laura,Swanson,1973-01-28,M,2022-11-27,Mastercard,Low,1
CUST00861,Hailey,Johnson,1991-09-30,F,2023-05-12,Mastercard,Low,1
CUST00862,Thomas,Coffey,1983-06-16,F,2021-05-02,Debit,Mid,1
CUST00863,Krista,Parsons,1982-04-23,M,2021-12-07,Visa,Low,1
CUST00864,Becky,Griffith,2002-11-06,F,2022-06-07,Gift Card,High,1
CUST00865,Brandy,Jackson,1979-02-21,F,2020-01-29,Mastercard,Low,1
CUST00866,Cristina,Harvey,1977-09-03,F,2021-08-08,Debit,Mid,1
CUST00867,Maureen,Hernandez,2000-07-24,F,2021-10-15,Mastercard,Low,1
CUST00868,Erin,Johnson,1996-12-30,F,2020-05-29,Mastercard,High,1
CUST00869,Stacy,Rodriguez,1973-10-12,F,2019-11-20,Debit,Low,0
CUST00870,Andrew,Edwards,1987-03-31,F,2021-05-08,Mastercard,Mid,1
CUST00871,Edward,Vaughn,1966-10-19,F,2020-04-30,Debit,Mid,1
CUST00872,Robert,Hampton,2001-06-17,M,2019-04-22,Cash,High,1
CUST00873,Samantha,Salas,1970-03-28,F,2021-07-26,Debit,High,1
CUST00874,Jill,Brown,1963-05-09,F,2020-07-28,Mastercard,Mid,1
CUST00875,Devin,Clark,1984-06-24,F,2022-05-21,Mastercard,High,0
CUST00876,Mark,Bates,1978-08-10,F,2019-06-27,Mastercard,High,1
CUST00877,Alicia,Edwards,1999-07-08,M,2020-07-25,Mastercard,High,1
CUST00878,Glen,Barr,1977-12-14,NB,2024-01-01,Cash,High,0
CUST00879,Matthew,Gomez,1961-12-20,F,2019-03-24,Gift Card,Mid,1
CUST00880,Kelsey,Le,1966-10-17,M,2021-07-15,Visa,High,1
CUST00881,Dawn,Steele,1977-07-23,M,2019-09-29,Mastercard,High,1
CUST00882,Chelsea,Lee,1972-07-07,F,2022-12-11,Visa,Mid,0
CUST00883,John,Grant,1970-06-09,M,2023-11-26,Debit,High,1
CUST00884,Jeffrey,Dudley,1958-02-14,M,2023-10-29,Visa,Mid,1
CUST00885,Kenneth,Roberts,1982-03-16,F,2022-11-30,Cash,High,1
CUST00886,Jared,Bush,1988-02-13,F,2023-02-15,Cash,High,1
CUST00887,Logan,Bailey,1992-05-10,M,2021-01-18,Visa,Mid,1
CUST00888,Sarah,Pope,1976-05-14,M,2019-10-11,Gift Card,Low,1
CUST00889,Joshua,Martinez,1976-10-27,M,2023-03-23,Debit,Mid,1
CUST00890,Erica,James,1982-11-12,M,2019-04-22,Mastercard,Mid,1
CUST00891,Tina,Cardenas,1984-03-21,F,2021-07-14,Visa,High,1
CUST00892,Stephanie,Ballard,1963-11-21,M,2020-01-21,Cash,Low,0
CUST00893,Kelly,Roberts,1964-11-26,M,2019-08-12,Mastercard,Low,1
CUST00894,Jennifer,Reed,1960-01-14,F,2020-08-23,Mastercard,High,1
CUST00895,Scott,Scott,1959-12-05,M,2020-08-20,Mastercard,High,0
CUST00896,Timothy,Harris,1988-02-19,F,2021-04-23,Visa,High,1
CUST00897,Amanda,Fitzpatrick,1997-12-12,M,2021-07-26,Mastercard,High,1
CUST00898,Heather,Taylor,2001-06-11,F,2021-01-31,Gift Card,Low,1
CUST00899,Christina,Matthews,1972-12-04,F,2022-06-20,Cash,Mid,0
CUST00900,John,Santiago,1971-10-09,M,2019-11-27,Mastercard,Mid,1
CUST00901,Amanda,Little,1974-07-21,M,2020-02-25,Visa,Mid,1
CUST00902,Brian,Gutierrez,1972-08-02,F,2021-12-28,Mastercard,Mid,1
CUST00903,Jennifer,Garcia,1999-02-04,M,2024-03-15,Mastercard,High,0
CUST00904,Kelli,Smith,1984-07-07,NB,2021-08-28,Cash,High,0
CUST00905,Andrea,Hickman,1997-08-30,F,2020-11-24,Debit,High,1
CUST00906,Richard,Donovan,1985-08-22,F,2019-02-20,Mastercard,Mid,1
CUST00907,Natalie,Woods,1975-07-05,F,2022-04-09,Visa,High,1
CUST00908,James,Maynard,1997-12-18,M,2022-10-18,Debit,Mid,1
CUST00909,Manuel,Brewer,1963-01-11,M,2024-02-04,Debit,High,1
CUST00910,Rebecca,Davis,1959-02-04,M,2020-08-05,Mastercard,Mid,1
CUST00911,Audrey,Nichols,1997-11-08,F,2023-02-27,Gift Card,Mid,1
CUST00912,Jennifer,Zuniga,1996-01-10,M,2023-02-01,Cash,Mid,1
CUST00913,Robin,Thompson,2000-07-31,M,2023-11-12,Visa,High,1
CUST00914,Nicole,Thompson,1958-08-05,M,2021-04-18,Visa,Low,1
CUST00915,Samantha,Osborn,1970-04-14,M,2020-02-13,Mastercard,Mid,1
CUST00916,Randy,Simpson,1985-04-07,M,2021-10-08,Visa,Low,1
CUST00917,Sharon,Hayden,2000-05-24,F,2019-09-12,Debit,Mid,1
CUST00918,Sara,Mcdowell,1979-12-16,M,2019-02-28,Mastercard,High,1
CUST00919,Albert,Bradley,2001-02-08,M,2022-03-04,Mastercard,Mid,0
CUST00920,Daniel,Bird,1991-06-26,M,2021-11-15,Debit,Mid,1
CUST00921,Justin,Hays,1999-05-13,M,2023-12-04,Debit,Low,1
CUST00922,Amy,Snyder,1989-12-08,F,2019-04-10,Mastercard,High,1
CUST00923,Sheena,Rosales,1974-06-10,F,2023-04-16,Mastercard,Mid,0
CUST00924,Taylor,Lee,1985-01-04,F,2020-07-09,Debit,Low,1
CUST00925,Daniel,Martin,1959-02-27,M,2019-10-08,Visa,Mid,1
CUST00926,Stephen,Scott,1967-03-11,M,2020-03-22,Mastercard,Low,0
CUST00927,Jacob,Doyle,1968-03-23,M,2021-05-04,Visa,High,0
CUST00928,Krystal,Bradley,1985-12-14,F,2022-11-16,Mastercard,High,1
CUST00929,Katherine,Thompson,1988-09-08,M,2019-12-19,Debit,High,1
CUST00930,Melissa,Prince,1970-10-09,M,2022-11-10,Mastercard,Low,1
CUST00931,Margaret,Robertson,1968-01-09,F,2019-06-09,Mastercard,Mid,1
CUST00932,Christopher,Caldwell,1963-04-27,M,2021-08-18,Mastercard,Low,1
CUST00933,Jack,Taylor,1969-02-08,F,2024-02-28,Visa,Low,1
CUST00934,Marcus,Wright,1971-01-22,M,2023-09-29,Debit,Mid,1
CUST00935,Jose,Young,1979-09-12,M,2021-10-31,Visa,Mid,1
CUST00936,Karen,Finley,1975-03-09,F,2024-05-28,Mastercard,Mid,0
CUST00937,Kevin,Sharp,1977-03-14,F,2024-02-29,Visa,Mid,1
CUST00938,Alexander,Valdez,1967-08-18,NB,2020-01-06,Debit,Mid,1
CUST00939,Heather,Brown,1986-03-13,F,2019-09-11,Visa,Mid,1
CUST00940,David,Parker,1961-08-23,M,2019-06-18,Mastercard,Mid,1
CUST00941,Richard,Shaw,1997-10-30,M,2020-04-07,Visa,High,1
CUST00942,Paula,Padilla,2000-09-03,M,2024-04-07,Debit,High,1
CUST00943,Larry,Wilson,1997-04-20,M,2021-12-06,Debit,Low,1
CUST00944,Sabrina,Phillips,1967-02-16,NB,2023-02-27,Cash,Low,0
CUST00945,Christina,Robinson,1994-04-09,M,2019-09-09,Mastercard,Mid,1
CUST00946,Dennis,Hernandez,1982-06-28,F,2023-03-29,Debit,Mid,1
CUST00947,Julie,Obrien,1994-04-14,M,2021-09-19,Visa,Mid,1
CUST00948,Robert,Dunn,1978-09-16,M,2022-07-10,Cash,High,0
CUST00949,Thomas,Medina,1960-05-26,F,2024-06-13,Mastercard,Mid,1
CUST00950,Elizabeth,Robinson,1964-11-12,F,2022-09-15,Debit,High,1
CUST00951,John,Fischer,2001-12-25,M,2021-10-30,Mastercard,High,1
CUST00952,Morgan,Miller,1960-11-01,M,2021-05-31,Cash,Mid,0
CUST00953,Sean,Padilla,1961-03-25,F,2019-03-09,Mastercard,High,0
CUST00954,Christian,Elliott,1996-08-21,M,2019-10-03,Mastercard,High,1
CUST00955,Bryan,Kelley,2000-02-25,M,2021-09-01,Visa,Low,1
CUST00956,William,Armstrong,1991-11-23,F,2022-06-17,Debit,Mid,1
CUST00957,Edward,Murphy,1969-07-02,F,2023-09-11,Mastercard,Mid,1
CUST00958,Abigail,Wilson,1992-02-22,NB,2019-07-19,Mastercard,Mid,1
CUST00959,Jamie,Aguilar,1979-01-19,M,2022-08-20,Mastercard,Mid,0
CUST00960,Christopher,Dixon,1973-03-26,M,2019-02-10,Visa,Mid,1
CUST00961,Lindsey,Chavez,1995-10-14,M,2020-06-30,Mastercard,Low,1
CUST00962,William,Bryant,1986-12-05,F,2022-03-18,Mastercard,Mid,1
CUST00963,Brian,Ford,1988-06-18,M,2019-12-08,Visa,Mid,1
CUST00964,Lindsay,Cummings,1964-10-04,M,2023-09-18,Cash,Mid,1
CUST00965,Randy,Velasquez,1978-04-07,M,2022-07-03,Debit,High,1
CUST00966,Julie,Lane,1964-01-14,F,2022-03-06,Debit,Low,1
CUST00967,Brandon,Cooper,1985-01-29,M,2021-10-30,Debit,Mid,1
CUST00968,Bryce,Mcknight,1998-08-30,M,2022-10-07,Debit,Low,1
CUST00969,Sarah,Jones,2002-10-14,F,2020-03-12,Debit,High,1
CUST00970,Sarah,Johnson,1996-11-29,F,2024-03-29,Visa,Mid,1
CUST00971,Robert,Mack,1971-07-02,M,2023-03-09,Debit,Mid,1
CUST00972,Katie,Good,1963-10-13,M,2022-07-22,Mastercard,High,1
CUST00973,Debbie,Fisher,1979-03-09,M,2021-04-11,Mastercard,Low,1
CUST00974,Victoria,Reyes,2001-07-19,M,2022-02-20,Gift Card,High,1
CUST00975,Molly,Knox,1960-08-12,M,2020-06-13,Debit,Mid,1
CUST00976,Nicholas,Vega,2001-08-03,F,2023-05-22,Mastercard,Low,1
CUST00977,Dorothy,Ryan,1994-07-07,F,2024-01-11,Mastercard,Low,0
CUST00978,Desiree,Bailey,1970-08-11,F,2020-04-28,Mastercard,High,1
CUST00979,Gregory,Medina,1980-08-04,M,2021-10-13,Cash,Low,1
CUST00980,Allison,Luna,1992-12-25,M,2023-07-09,Debit,Mid,1
CUST00981,Jeffrey,Smith,1982-08-19,F,2021-06-19,Mastercard,Low,1
CUST00982,Andrew,Evans,1968-02-19,F,2020-10-10,Visa,Low,1
CUST00983,Emily,Stephens,1971-01-01,M,2021-01-13,Visa,Mid,1
CUST00984,Amanda,Morrow,1961-02-14,F,2023-09-20,Debit,Low,0
CUST00985,John,Reed,1980-09-11,F,2022-02-05,Mastercard,High,0
CUST00986,Joshua,Pineda,1979-03-17,M,2023-10-23,Mastercard,High,0
CUST00987,Jessica,Rodriguez,1984-12-29,F,2019-07-04,Cash,Mid,0
CUST00988,Lisa,Barnes,1997-05-16,F,2022-07-17,Mastercard,Mid,1
CUST00989,Katie,Stephenson,1965-03-09,F,2023-08-13,Debit,High,0
CUST00990,Alexis,Harris,1995-11-23,M,2023-12-01,Cash,Low,1
CUST00991,Craig,Johnson,1995-10-05,F,2022-05-18,Debit,Mid,1
CUST00992,Carla,Warner,1974-06-26,F,2022-07-14,Mastercard,Low,1
CUST00993,Brandon,Yang,1965-05-18,F,2019-08-15,Mastercard,High,0
CUST00994,Richard,Young,1994-10-24,M,2023-06-12,Cash,High,1
CUST00995,Jeff,Shields,1987-05-23,M,2023-06-26,Mastercard,Mid,1
CUST00996,Brian,Gordon,1978-02-20,F,2019-02-12,Cash,Mid,1
CUST00997,Keith,Cabrera,1999-06-27,F,2020-02-11,Mastercard,Low,1
CUST00998,Jessica,Flores,1971-05-23,M,2019-07-02,Gift Card,Mid,1
CUST00999,Carla,Chambers,1998-09-15,M,2023-08-22,Debit,High,1
CUST01000,Malik,Turner,1981-11-18,M,2020-08-12,Debit,Mid,1
