customer_id,email,phone,street,city,province,postal_code,region
CUST00001,danielle.johnson@gmail.com,604-528-3955,836 Hill Point,Markham,ON,S1Y 6V7,East
CUST00002,joshua.walker@gmail.com,403-341-8388,662 Bennett Throughway Suite 334,Surrey,BC,T7B 7Y9,West
CUST00003,jill.rhodes@outlook.com,306-187-1169,3435 Sandra Vista,Regina,SK,C1Y5J7,Central
CUST00004,patricia.miller@shaw.ca,204-803-4476,39837 Molly Isle,Burnaby,BC,A2J8J4,West
CUST00005,robert.johnson@hotmail.com,403-174-2561,3854 Owens Run,Gatineau,QC,M9L8P8,East
CUST00006,jeffery.wagner@yahoo.com,604-582-6804,753 Edwards Cape,Calgary,AB,G9A 7L5,West
CUST00007,anthony.gonzalez@bell.net,416-105-5155,53693 Pierce Spur,Saint John,NB,L8V3V6,East
CUST00008,debra.gardner@yahoo.com,204-787-7076,87280 Mary Club,Richmond,BC,A4S 2G3,West
CUST00009,jeffrey.lawrence@gmail.com,647-366-3783,87509 Hopkins Brook,Hamilton,ON,Y1Y 1S9,East
CUST00010,lisa.smith@rogers.com,647-191-6198,408 Drake Fall Apt. 182,Burnaby,BC,J6X 5L7,West
CUST00011,linda.wolfe@gmail.com,905-420-1723,6793 Kevin Views,Gatineau,QC,B7C 7R9,East
CUST00012,matthew.moore@rogers.com,403-865-6907,02176 Knight Walks Apt. 803,Fredericton,NB,V2L 5B9,East
CUST00013,susan.rogers@rogers.com,403-727-5321,50392 Hickman Hills,Dartmouth,NS,K6R 7Y3,East
CUST00014,christopher.davis@rogers.com,514-854-9049,501 Hall Club,Richmond,BC,R5N8A8,West
CUST00015,melanie.munoz@outlook.com,306-154-4095,8662 Miller River,Quebec City,QC,K5C3C7,East
CUST00016,lindsay.blair@gmail.com,306-366-3679,655 Christopher Inlet,Ottawa,ON,P3L2E3,East
CUST00017,amanda.dudley@gmail.com,306-141-8233,8886 Anthony Knoll Apt. 995,Gatineau,QC,A7M2S9,East
CUST00018,nicholas.arnold@outlook.com,306-604-2843,826 Dominic Hollow,London,ON,V3G7C5,East
CUST00019,maria.montgomery@gmail.com,905-308-5654,7154 Jennifer Park Apt. 712,Winnipeg,MB,A7R6N8,Central
CUST00020,michelle.ray@hotmail.com,403-676-4479,9245 Timothy Fall Suite 547,Ottawa,ON,N7R 6L2,East
CUST00021,janet.williams@outlook.com,647-526-2258,828 Stephanie Mountain,Calgary,AB,T7M 8C3,West
CUST00022,jeremy.roberts@hotmail.com,514-126-5657,42661 Ewing Neck Suite 886,Brampton,ON,P2Y 4C6,East
CUST00023,christopher.hall@yahoo.com,905-957-6300,909 Rasmussen Isle,Montreal,QC,E5A4E9,East
CUST00024,craig.ramirez@yahoo.com,306-564-5412,5679 Michael Burg,Toronto,ON,E2M2S3,East
CUST00025,cynthia.diaz@yahoo.com,416-771-8423,5738 Bailey Court Suite 751,Calgary,AB,B6E2A3,West
CUST00026,mitchell.clark@shaw.ca,647-316-1797,282 Castro Mountain,London,ON,R7H 7H1,East
CUST00027,joseph.zuniga@yahoo.com,416-861-2158,9660 Jamie Terrace,Laval,QC,E6Y 6H4,East
CUST00028,deborah.lynch@gmail.com,403-282-4933,47859 Carr Radial Apt. 557,Lethbridge,AB,M6C 2G4,West
CUST00029,george.daniel@gmail.com,604-266-7365,25286 Carlson Ports Suite 627,Fredericton,NB,Y5H 3V3,East
CUST00030,frank.gray@hotmail.com,647-223-5891,9050 Taylor Via Suite 887,Laval,QC,V8S3T2,East
CUST00031,veronica.bowman@hotmail.com,403-801-3151,40438 Jackson Mount,Richmond,BC,Y2X5E9,West
CUST00032,angela.cohen@icloud.com,604-601-8298,078 Veronica Cove Apt. 407,Toronto,ON,P2C4T4,East
CUST00033,megan.parsons@gmail.com,204-192-7922,962 Kristen Via Apt. 095,Regina,SK,Y5H5N5,Central
CUST00034,jeremy.johnson@yahoo.com,204-195-1662,60422 Dustin Islands,Quebec City,QC,R5V 7G7,East
CUST00035,leslie.adams@hotmail.com,647-607-9638,16845 Clements Islands Apt. 175,Richmond,BC,Y7R 4J8,West
CUST00036,jason.hahn@gmail.com,204-181-8825,4589 Ashlee Oval Suite 001,Calgary,AB,A8E8H1,West
CUST00037,nancy.edwards@hotmail.com,403-961-5073,24241 Wright Landing Apt. 064,Ottawa,ON,S1C 4E8,East
CUST00038,diana.foster@outlook.com,905-146-9411,93870 Heather Viaduct,Burnaby,BC,S2G 4V7,West
CUST00039,robin.ellis@yahoo.com,306-776-5151,115 Ibarra Dam,Brampton,ON,G9G1C3,East
CUST00040,joseph.wright@gmail.com,416-216-8583,3269 Heath Corners Apt. 219,Hamilton,ON,P3S4N5,East
CUST00041,anna.baker@icloud.com,416-185-7819,89994 Melanie Shoals,Ottawa,ON,J4X7X5,East
CUST00042,brenda.hurst@yahoo.com,306-875-8371,76137 Allison Bridge,Regina,SK,N7G6R9,Central
CUST00043,reginald.robinson@yahoo.com,647-316-4032,1091 Jose Canyon,Red Deer,AB,R9X 7M7,West
CUST00044,whitney.hicks@gmail.com,905-544-9755,88924 Kyle Pass Apt. 285,Hamilton,ON,C4M1S4,East
CUST00045,christopher.williams@gmail.com,647-771-8817,1799 Kyle Streets,Brampton,ON,E1A 3G8,East
CUST00046,daniel.burton@rogers.com,306-410-6910,842 Martinez Tunnel Suite 105,Richmond,BC,L5X2C8,West
CUST00047,laura.henderson@icloud.com,905-228-3213,507 Michael Glens Apt. 913,Gatineau,QC,B1A 8K6,East
CUST00048,bryan.james@icloud.com,604-979-1439,20863 Wright Stravenue Suite 419,Toronto,ON,E3X4B9,East
CUST00049,wendy.rice@gmail.com,604-546-9824,1744 Miller Motorway,London,ON,P5J 4M8,East
CUST00050,tasha.valencia@icloud.com,647-585-7912,738 Edward Lodge Apt. 385,Mississauga,ON,N5A 2R4,East
CUST00051,alexander.le@rogers.com,306-596-8724,7024 Bradley Fort,Ottawa,ON,P2T9C3,East
CUST00052,erin.herrera@outlook.com,604-401-7418,99062 Kelly Vista Suite 655,Brampton,ON,L4K3C2,East
CUST00053,joseph.davidson@gmail.com,204-525-9121,27756 Amanda Trail,Toronto,ON,T5M 2T2,East
CUST00054,daniel.graham@gmail.com,204-597-9410,490 Mary Islands,Laval,QC,C7K 9P1,East
CUST00055,shawn.mckay@gmail.com,416-640-1311,2067 Cody Cove Apt. 100,Lethbridge,AB,G6J 2R5,West
CUST00056,nancy.baker@outlook.com,403-763-7834,13721 Martinez Mountain,Burnaby,BC,H8S 1R7,West
CUST00057,vincent.white@outlook.com,514-559-8147,53244 Stephenson Bypass Apt. 476,Saskatoon,SK,B7C3L7,Central
CUST00058,rita.harrell@hotmail.com,306-452-8178,838 Veronica Tunnel,Mississauga,ON,V6Y9V6,East
CUST00059,kenneth.fowler@outlook.com,514-716-8675,2059 Anthony Valleys Suite 078,Ottawa,ON,K4H4E5,East
CUST00060,chelsea.hernandez@hotmail.com,204-526-6902,96522 Brittany Valley,Mississauga,ON,A4P8G9,East
CUST00061,kathryn.ryan@outlook.com,403-807-2412,70103 Andrew Neck Apt. 593,Quebec City,QC,N1H 1N3,East
CUST00062,kimberly.moreno@gmail.com,647-720-9063,85156 Matthew Islands,Edmonton,AB,H6S 3V9,West
CUST00063,aaron.nguyen@bell.net,306-410-4845,92644 Gregory Alley Suite 902,Brampton,ON,K3E6V2,East
CUST00064,andrew.hickman@shaw.ca,514-367-6849,5215 Smith Fords,Toronto,ON,C2P 1L1,East
CUST00065,natasha.decker@icloud.com,416-926-2043,6267 Bell Lane Apt. 793,Quebec City,QC,T5C 1B6,East
CUST00066,kyle.brown@outlook.com,905-675-4671,15262 Amy Course Suite 997,Toronto,ON,S3H 1S2,East
CUST00067,natalie.arroyo@icloud.com,416-888-5382,36884 Evans Court Apt. 698,Burnaby,BC,G1B7P2,West
CUST00068,christopher.tucker@hotmail.com,306-918-8489,973 Anthony Extension Suite 171,Saskatoon,SK,R5V2V9,Central
CUST00069,chad.hodges@shaw.ca,905-943-1687,56527 Jose Mountain Suite 349,Moncton,NB,G6E 9C7,East
CUST00070,katie.anderson@outlook.com,604-470-3572,068 Sheppard Spur,Surrey,BC,K2V7M1,West
CUST00071,thomas.pierce@icloud.com,306-850-2626,72233 Brad Common,Gatineau,QC,J6G2L2,East
CUST00072,joseph.brennan@yahoo.com,647-225-4307,685 Stone Well Apt. 998,Mississauga,ON,E3S2G2,East
CUST00073,rodney.lewis@icloud.com,416-351-8760,8564 Pena Ports,Richmond,BC,B7H3L7,West
CUST00074,amber.blair@gmail.com,403-481-7799,5307 Prince Brooks,Hamilton,ON,M8M2L4,East
CUST00075,james.collins@gmail.com,204-906-4738,7546 Jacob Forest,London,ON,V1X9P3,East
CUST00076,wanda.santos@yahoo.com,204-569-9456,8628 Glenn Wells,Brampton,ON,B8K 1B6,East
CUST00077,samuel.holmes@bell.net,306-249-1162,5786 Erin Garden,Laval,QC,V8T9H6,East
CUST00078,david.walker@gmail.com,514-511-3692,41406 Frank Ports Apt. 333,Montreal,QC,S1X8A3,East
CUST00079,matthew.chapman@icloud.com,647-688-1947,034 Marquez Station,Richmond,BC,S8R5P4,West
CUST00080,jerry.robinson@icloud.com,403-529-7586,8969 Adrian Shore Suite 899,Saint John,NB,M2E6V5,East
CUST00081,chad.welch@hotmail.com,514-452-1129,4432 Rachel Valley Suite 520,Regina,SK,M7L7S1,Central
CUST00082,jeremy.whitehead@hotmail.com,306-759-4360,3875 Bruce Ville,Winnipeg,MB,M3E 5V9,Central
CUST00083,michele.jones@hotmail.com,204-894-4232,513 Walker Well,Regina,SK,S5N5P8,Central
CUST00084,john.caldwell@gmail.com,514-499-3064,0999 Thomas Fields,Saskatoon,SK,R7X 1M3,Central
CUST00085,jason.anderson@gmail.com,905-623-6115,56972 Huffman Falls,Kelowna,BC,V6N 1H1,West
CUST00086,selena.duncan@gmail.com,416-915-9846,3292 Glover Tunnel Apt. 296,Victoria,BC,R7S1V1,West
CUST00087,thomas.mueller@icloud.com,403-843-7926,505 Andrew Avenue,Edmonton,AB,K3P 2M7,West
CUST00088,lindsey.lee@hotmail.com,514-365-9314,10447 Hamilton Spur Apt. 575,Moncton,NB,H4R 4A3,East
CUST00089,collin.jordan@icloud.com,905-559-5881,098 David Station,Toronto,ON,R1L 1Y2,East
CUST00090,rodney.owens@yahoo.com,604-924-9737,16761 Wells Drives,Calgary,AB,A2M 9S5,West
CUST00091,jessica.nunez@yahoo.com,403-782-3293,1891 Wilson Coves,Winnipeg,MB,J9J4L6,Central
CUST00092,tracey.garcia@gmail.com,604-942-6919,2087 Haley Orchard Suite 300,Quebec City,QC,E2V 9G2,East
CUST00093,richard.morgan@hotmail.com,204-183-2511,3744 Williams Via,Surrey,BC,B6M 7P2,West
CUST00094,michelle.wright@yahoo.com,306-179-7050,02255 Friedman Grove,Ottawa,ON,P2N 7H7,East
CUST00095,james.west@outlook.com,204-992-5320,6762 David Stream Apt. 216,Gatineau,QC,T6H1R3,East
CUST00096,robert.ramirez@shaw.ca,306-849-7830,1670 Jose Island Apt. 899,Lethbridge,AB,N2X 7X4,West
CUST00097,john.leblanc@outlook.com,306-828-8499,6289 Alexander Estate Suite 721,Winnipeg,MB,N5K1N9,Central
CUST00098,scott.callahan@outlook.com,905-811-4483,663 Stephen Unions,London,ON,C6V2T8,East
CUST00099,andrea.williams@hotmail.com,514-221-7694,66088 Margaret Turnpike,Vancouver,BC,X8Y6J6,West
CUST00100,yvette.huff@outlook.com,416-635-3511,75899 Moran Lakes,Mississauga,ON,E1E6K6,East
CUST00101,tanya.house@shaw.ca,403-401-8961,851 Penny Park Apt. 614,Mississauga,ON,J4E 8R4,East
CUST00102,melinda.martin@gmail.com,204-149-5999,60917 Barrett Parkways Apt. 708,Ottawa,ON,Y9S 3V3,East
CUST00103,todd.lewis@gmail.com,306-102-3004,69958 Barnes Rest,Saskatoon,SK,L5R 8N3,Central
CUST00104,richard.brown@rogers.com,204-592-6074,9848 Joseph Plaza,Calgary,AB,J6J 3M3,West
CUST00105,nicholas.galloway@icloud.com,306-954-3175,158 Aguilar Shores Suite 846,Red Deer,AB,X7E 3A1,West
CUST00106,joseph.bowers@icloud.com,306-252-6328,42442 Hannah Hill,Gatineau,QC,Y8B 2P9,East
CUST00107,spencer.henderson@hotmail.com,204-496-4814,863 Schwartz Causeway,Hamilton,ON,R9S1N1,East
CUST00108,susan.cowan@outlook.com,306-853-5544,97359 Kimberly Fields Suite 721,Regina,SK,H7X 1E7,Central
CUST00109,angela.higgins@hotmail.com,403-674-3028,422 Smith Mountain Apt. 025,Edmonton,AB,M6V 2Y6,West
CUST00110,eric.phillips@gmail.com,416-683-9548,81826 Davis Forges,Calgary,AB,N5N 4P9,West
CUST00111,tanya.riley@outlook.com,416-223-9713,015 Allen Row Apt. 056,Brampton,ON,R5L 1Y9,East
CUST00112,amy.adkins@gmail.com,604-351-8278,877 Kenneth Run Apt. 581,Toronto,ON,H1Y 2Y4,East
CUST00113,brian.silva@outlook.com,204-703-1737,613 Lucas Cliffs,Hamilton,ON,A1T 2N2,East
CUST00114,wesley.farrell@yahoo.com,647-524-1394,48193 Russell Mission,Vancouver,BC,S7N2A9,West
CUST00115,eric.yu@yahoo.com,905-217-2627,919 Jaclyn Cliffs,Brandon,MB,X5E2M5,Central
CUST00116,christopher.lopez@gmail.com,403-886-2468,6072 Derek Lock Suite 245,Red Deer,AB,Y2Y 1G1,West
CUST00117,brooke.leonard@hotmail.com,416-729-6329,814 Kaitlin Stream Suite 368,Brampton,ON,H5H 4K2,East
CUST00118,joe.wilson@gmail.com,204-201-6243,908 Newman Cliffs,London,ON,C4L8E6,East
CUST00119,pamela.sanchez@gmail.com,905-153-4318,31491 Louis Mission Suite 949,Mississauga,ON,P3N 1S6,East
CUST00120,brooke.harvey@outlook.com,306-620-9264,64525 Ford Knolls,Hamilton,ON,V3Y2E5,East
CUST00121,robert.silva@gmail.com,514-575-7669,341 Patricia Vista,Vancouver,BC,R9J 5B9,West
CUST00122,alexandra.donovan@yahoo.com,604-119-5409,256 Patricia Radial Suite 278,Toronto,ON,R1P 4X3,East
CUST00123,james.moran@gmail.com,647-411-7664,2299 Jill Orchard,Calgary,AB,B4K2V5,West
CUST00124,john.foster@outlook.com,647-482-9854,03856 Hardin Cape Apt. 518,Victoria,BC,L7Y7H6,West
CUST00125,emily.evans@outlook.com,204-668-8401,463 Gomez Ways,Moncton,NB,V9V3A8,East
CUST00126,leslie.walton@yahoo.com,403-768-3742,18432 Eric Rapids,Markham,ON,K2S 8N8,East
CUST00127,charles.ellis@gmail.com,403-959-7228,92603 David Ramp Apt. 280,Brampton,ON,B3H 9L7,East
CUST00128,yolanda.ferrell@gmail.com,403-146-3644,413 Obrien Mountains,Saint John,NB,H3K3S9,East
CUST00129,charles.lewis@yahoo.com,204-815-3014,57991 Nicholas Curve Apt. 038,Montreal,QC,G8E1H9,East
CUST00130,joseph.mahoney@rogers.com,604-725-9270,72980 Boyd Land,Brandon,MB,X8S 7K6,Central
CUST00131,nicole.suarez@rogers.com,514-750-5282,2473 Justin Wells,Dartmouth,NS,L1J9A2,East
CUST00132,mike.moore@yahoo.com,604-778-6269,3565 Eric Run,Saint John,NB,L6Y5S7,East
CUST00133,martha.warner@bell.net,514-116-3190,8872 Hansen Orchard,Brampton,ON,M3P2R4,East
CUST00134,cheryl.archer@outlook.com,416-109-3843,213 Hartman Unions Apt. 260,Calgary,AB,G2V 2S5,West
CUST00135,destiny.smith@hotmail.com,204-651-2329,1906 Mendez Pike,Victoria,BC,B8H1V4,West
CUST00136,lisa.evans@outlook.com,306-788-3022,09883 Emily Lake Apt. 021,Montreal,QC,R7P4R9,East
CUST00137,elizabeth.mcmillan@yahoo.com,514-496-3903,118 Barber Points,Markham,ON,P4L8K7,East
CUST00138,dennis.wilson@gmail.com,514-297-8283,2681 Wesley Junctions,Winnipeg,MB,X5L 8Y7,Central
CUST00139,daniel.tran@gmail.com,403-796-6862,57790 Wilson Cliff Suite 335,London,ON,P1X5Y4,East
CUST00140,joseph.jacobs@outlook.com,403-927-4623,65182 Edwards Forge Suite 237,Markham,ON,K4K 4L4,East
CUST00141,jennifer.harris@bell.net,416-387-9074,521 Samantha Springs,Brampton,ON,A8Y6B6,East
CUST00142,cynthia.baker@gmail.com,204-213-5544,472 Sanders Terrace Apt. 086,Saskatoon,SK,Y6B7X3,Central
CUST00143,tracy.whitehead@gmail.com,604-775-3875,87500 Nicolas Courts Suite 594,Lethbridge,AB,Y5L 8K6,West
CUST00144,meghan.davis@hotmail.com,647-365-4734,76365 Dickerson Harbors Suite 292,Ottawa,ON,E9L 7K7,East
CUST00145,rodney.hill@gmail.com,416-809-9731,27026 Taylor Vista,Regina,SK,V9M1L7,Central
CUST00146,adam.wise@gmail.com,204-756-1849,203 Woods Roads,Lethbridge,AB,T6N 6L9,West
CUST00147,dana.green@yahoo.com,204-380-2994,0615 Barbara Run Apt. 455,Brandon,MB,T5C8R3,Central
CUST00148,joyce.arnold@outlook.com,416-838-4678,569 Sweeney Cliffs,Gatineau,QC,H6N 6K5,East
CUST00149,ronald.smith@outlook.com,514-105-7420,647 Adkins Pike Suite 622,Brampton,ON,G2K 4L3,East
CUST00150,charles.ware@rogers.com,416-855-4696,11780 Kelli Pine Apt. 149,Toronto,ON,C4R 4M5,East
CUST00151,rebecca.gardner@bell.net,604-301-3694,228 Anthony Shore Suite 577,Fredericton,NB,Y9T3G8,East
CUST00152,mary.aguilar@outlook.com,905-128-8863,845 Fernandez Valley Apt. 745,Toronto,ON,L1G1M9,East
CUST00153,earl.anderson@outlook.com,514-960-5102,4780 Arroyo Neck,Vancouver,BC,A4S1M9,West
CUST00154,kyle.nolan@gmail.com,514-952-1891,68663 Jennifer Rue Suite 634,Brampton,ON,S5K 5X9,East
CUST00155,laura.valencia@bell.net,306-882-2567,3122 Rodriguez Motorway Suite 497,Winnipeg,MB,N1A 9G1,Central
CUST00156,rachel.clark@gmail.com,416-134-7183,44270 Christopher Bridge,Calgary,AB,J5N8S6,West
CUST00157,john.garcia@hotmail.com,647-163-8240,051 Brian Trail Suite 187,Markham,ON,J1L 2R4,East
CUST00158,kimberly.henson@outlook.com,905-204-1914,3037 Adriana Fords Suite 645,Hamilton,ON,B2Y 5X8,East
CUST00159,richard.oliver@icloud.com,204-198-7735,50313 Nguyen Expressway Suite 916,Red Deer,AB,A3B 6V2,West
CUST00160,eric.spears@icloud.com,416-564-7290,71950 Michael Drives,Hamilton,ON,G6V 9K6,East
CUST00161,michelle.cherry@rogers.com,905-447-1425,306 Ramsey Glen Apt. 778,Richmond,BC,Y3V9J6,West
CUST00162,lisa.keith@outlook.com,905-205-1201,749 Casey Drives Suite 448,Burnaby,BC,T7A3X1,West
CUST00163,angel.doyle@outlook.com,604-686-3064,351 Lee Springs Suite 829,Calgary,AB,N2S2N9,West
CUST00164,martin.galvan@yahoo.com,306-842-8284,22031 Lee Bypass,Red Deer,AB,V1X6L4,West
CUST00165,leah.shields@icloud.com,416-230-6106,37170 Grant Mall,Ottawa,ON,B1L2X5,East
CUST00166,lisa.adams@yahoo.com,647-250-8692,81138 Lopez Pine,Red Deer,AB,H7Y 2Y6,West
CUST00167,kristin.rodriguez@gmail.com,416-630-3369,612 Andrea Parkways Suite 289,Mississauga,ON,P6N6Y7,East
CUST00168,monica.garrison@icloud.com,416-532-6633,593 Nicholas Plaza Suite 577,Hamilton,ON,A1B9M3,East
CUST00169,jeffrey.velasquez@hotmail.com,604-904-2120,43350 Ellison Pass Apt. 107,Ottawa,ON,G6G4L4,East
CUST00170,steven.torres@yahoo.com,306-714-6425,1969 Jessica Stream Suite 727,London,ON,M2B 1R6,East
CUST00171,laura.perez@outlook.com,204-436-3658,6139 Cynthia Roads Suite 048,Brandon,MB,N6Y 9G4,Central
CUST00172,andrew.lee@rogers.com,306-324-1060,67998 Jeffrey Highway,Markham,ON,G2G8N1,East
CUST00173,mark.lin@yahoo.com,604-344-8876,1686 Kathleen Orchard Apt. 769,Edmonton,AB,Y4X 2K5,West
CUST00174,tammy.ramirez@icloud.com,204-310-7558,9116 Diaz Field Suite 590,Laval,QC,H3P8T1,East
CUST00175,darlene.ross@yahoo.com,905-466-1491,52110 Stacy Drive,Toronto,ON,A5N8E8,East
CUST00176,tina.herrera@gmail.com,604-746-6896,3833 Dunn Road,Edmonton,AB,A1R 5X3,West
CUST00177,sheila.wilson@gmail.com,403-278-4587,3940 Pena Branch,Toronto,ON,R2L 1P5,East
CUST00178,tara.white@yahoo.com,604-282-4211,68157 Jacob Parkway Suite 800,Saskatoon,SK,X8M 7N3,Central
CUST00179,sydney.baker@gmail.com,905-121-3248,5543 Cain Road,Markham,ON,R5A4Y3,East
CUST00180,daniel.hamilton@rogers.com,514-315-5998,2168 Robert Ports Apt. 649,Markham,ON,T4Y3G9,East
CUST00181,jessica.edwards@icloud.com,647-639-8106,48262 Lonnie Point,Burnaby,BC,H1N 6G7,West
CUST00182,catherine.dixon@gmail.com,647-913-4107,7423 David Burg Suite 999,Saskatoon,SK,K6K 2A8,Central
CUST00183,paul.ray@hotmail.com,514-713-8037,975 Melissa Overpass,Brampton,ON,G4H1J7,East
CUST00184,jonathan.fletcher@bell.net,604-974-9773,6333 Gregory Mill,Moncton,NB,N7T7K1,East
CUST00185,aaron.frost@yahoo.com,416-744-5588,569 Abigail Mission Suite 038,Ottawa,ON,B9Y1R4,East
CUST00186,amanda.ball@gmail.com,905-903-8711,6447 Roberto Ridge Apt. 827,Regina,SK,C3X9E3,Central
CUST00187,judy.lambert@gmail.com,204-869-9342,5702 Garza Station Apt. 714,Montreal,QC,H2E8C6,East
CUST00188,michael.jones@yahoo.com,514-829-7125,689 Nicholas Light,Hamilton,ON,H3N 3G3,East
CUST00189,elizabeth.rivera@hotmail.com,306-585-5396,4474 David Curve,Richmond,BC,A8L 8A8,West
CUST00190,lee.charles@gmail.com,604-562-4840,733 Chavez Mills,Calgary,AB,A5K 9Y4,West
CUST00191,jennifer.evans@yahoo.com,204-685-3575,20502 Elizabeth Villages,Burnaby,BC,N2C7B3,West
CUST00192,kyle.ortiz@gmail.com,905-237-2376,499 Tammy Summit,Dartmouth,NS,B6C6M7,East
CUST00193,richard.phillips@yahoo.com,416-576-9392,8147 David Wall,Hamilton,ON,N9X4S4,East
CUST00194,david.fisher@yahoo.com,204-518-7021,98179 Simmons Vista,Lethbridge,AB,L3X8P9,West
CUST00195,shelby.byrd@gmail.com,416-283-8236,2934 Aaron Burg Suite 139,Laval,QC,S6B9N4,East
CUST00196,raven.gilbert@gmail.com,905-401-9220,344 Kyle Parkways,London,ON,A6E7N1,East
CUST00197,kevin.kelley@gmail.com,403-333-2612,55770 Timothy Road,Victoria,BC,Y7N1T9,West
CUST00198,aaron.mitchell@gmail.com,604-441-4221,588 Jared Spur Suite 512,Mississauga,ON,A9N3R7,East
CUST00199,russell.carpenter@yahoo.com,403-295-3258,145 Joseph Corners,Laval,QC,K5P4T9,East
CUST00200,diana.marshall@hotmail.com,403-108-5906,15031 Hunter Union Suite 823,Saint John,NB,V6X3M2,East
CUST00201,scott.lewis@icloud.com,204-515-1194,07681 Larry Cape,Mississauga,ON,N2T 9B5,East
CUST00202,thomas.santana@shaw.ca,647-986-7512,435 James Harbor,Kelowna,BC,T3E3L5,West
CUST00203,laura.jackson@hotmail.com,306-339-9451,98813 Dunn Groves,London,ON,M2K 5H6,East
CUST00204,christopher.robertson@hotmail.com,306-448-2406,20701 Brown Meadow Suite 299,Lethbridge,AB,P4M9N2,West
CUST00205,cynthia.rogers@yahoo.com,204-314-8187,217 Stanley Spur Suite 733,Ottawa,ON,L3P 6R6,East
CUST00206,loretta.potter@gmail.com,647-691-3102,0171 Mendoza Vista Apt. 459,Kelowna,BC,X2E 6R9,West
CUST00207,emily.walker@gmail.com,514-447-4694,8769 Allen Gardens,London,ON,V6R 4C7,East
CUST00208,james.johnson@icloud.com,403-433-1380,583 Elaine Club Suite 199,Victoria,BC,N8Y3E5,West
CUST00209,john.alvarez@bell.net,647-438-7404,91965 Newman Circle Apt. 329,Calgary,AB,G9G 5T7,West
CUST00210,melissa.jones@bell.net,905-647-7331,35494 Robbins Key Apt. 909,Moncton,NB,G6M9B1,East
CUST00211,robert.soto@yahoo.com,306-754-5991,851 Glenn Freeway,Toronto,ON,R7N7R7,East
CUST00212,james.horton@hotmail.com,647-132-9005,272 Angela Ville,Toronto,ON,S3G3M1,East
CUST00213,troy.sanchez@gmail.com,204-390-4373,027 Proctor Dale,Ottawa,ON,G7S 3T8,East
CUST00214,diana.smith@outlook.com,306-158-7039,765 Jacob Rapids Apt. 973,London,ON,S1Y1P8,East
CUST00215,karen.carrillo@yahoo.com,204-500-3572,97128 Marshall Common Apt. 371,Surrey,BC,B1N8Y8,West
CUST00216,daniel.coleman@outlook.com,306-860-2126,565 Roberts Camp Suite 940,Moncton,NB,H1B5M8,East
CUST00217,gregory.rubio@gmail.com,604-417-8081,81442 Hill Glens,Surrey,BC,E8H 6G3,West
CUST00218,april.williams@gmail.com,403-701-4325,372 Matthew Corner Apt. 927,Gatineau,QC,R3K4T6,East
CUST00219,john.charles@yahoo.com,604-107-3337,410 Steven Mountains,Victoria,BC,V7Y7K8,West
CUST00220,stephen.solis@outlook.com,604-638-6388,86047 Gregory Pines Apt. 185,Richmond,BC,L5N2L5,West
CUST00221,elizabeth.travis@yahoo.com,416-854-2492,3938 Byrd Falls Suite 800,Regina,SK,A9S 2E8,Central
CUST00222,caitlin.dodson@yahoo.com,403-500-3869,44300 Brian Ranch Apt. 911,Brampton,ON,G2R 3H5,East
CUST00223,patricia.salazar@rogers.com,204-568-7302,1746 Scott Tunnel Apt. 406,Surrey,BC,N5B3L8,West
CUST00224,jennifer.wagner@hotmail.com,905-502-1715,3962 Rodriguez Plains,Saskatoon,SK,J5E2T1,Central
CUST00225,maria.kelley@gmail.com,403-782-2093,94707 Denise Alley,Markham,ON,R6L 7G1,East
CUST00226,phyllis.manning@rogers.com,204-880-2986,6618 Aaron Spurs Suite 198,Quebec City,QC,N1M2R6,East
CUST00227,thomas.green@icloud.com,514-519-8388,74328 Tammy Shore Apt. 461,Moncton,NB,V4C3T1,East
CUST00228,john.walsh@outlook.com,306-127-2199,93761 Porter Village,Ottawa,ON,A1B6N1,East
CUST00229,katie.boyd@yahoo.com,204-976-4185,38782 Sandy Camp Apt. 707,Lethbridge,AB,K3G 1A5,West
CUST00230,courtney.hill@gmail.com,647-434-8606,9291 Danny Ranch,Vancouver,BC,C6J 7S6,West
CUST00231,chris.mitchell@gmail.com,604-830-8171,982 Copeland Underpass,Vancouver,BC,B2H 2N5,West
CUST00232,joseph.flores@gmail.com,647-274-1295,2582 Sanchez Prairie,Markham,ON,G3E 1R8,East
CUST00233,amber.taylor@gmail.com,204-272-2271,02194 Steele Turnpike,Edmonton,AB,G5J9G8,West
CUST00234,jesse.benson@hotmail.com,647-551-6866,29092 Salazar Corners Suite 560,Montreal,QC,J2E 6X9,East
CUST00235,jasmine.brown@gmail.com,604-552-1782,3403 Laura Spur,London,ON,V1H1H6,East
CUST00236,rick.daniels@yahoo.com,403-554-1858,64597 Dan Center Apt. 207,Winnipeg,MB,C6K 7T4,Central
CUST00237,robert.clark@icloud.com,604-355-7138,15313 Kane Lane Apt. 179,Calgary,AB,B4S8G3,West
CUST00238,robert.stein@gmail.com,204-128-1238,2735 Harris Crossroad Apt. 904,Saskatoon,SK,E7T 3T6,Central
CUST00239,brandy.dominguez@hotmail.com,905-325-2582,9292 Christopher Walks,Ottawa,ON,J5V1T7,East
CUST00240,melissa.cannon@hotmail.com,416-525-9396,56939 Robin Avenue,Quebec City,QC,B9B1V7,East
CUST00241,omar.smith@yahoo.com,604-739-4393,1773 Angela Bridge Suite 325,Mississauga,ON,K8C5A3,East
CUST00242,michael.molina@bell.net,905-337-4502,907 Ingram Well Suite 257,Dartmouth,NS,C9R 1N5,East
CUST00243,melissa.ashley@gmail.com,204-769-6181,9893 Christine Isle Apt. 850,Mississauga,ON,R1P 6T6,East
CUST00244,robert.adkins@yahoo.com,905-773-5562,818 Devon Isle,Ottawa,ON,Y4E 4V6,East
CUST00245,amy.morrison@gmail.com,604-520-5940,8640 Nathan Mission Suite 881,Red Deer,AB,Y8Y6M2,West
CUST00246,jeffrey.robinson@shaw.ca,905-829-9784,1162 Mullen Club,Gatineau,QC,H3L 8E3,East
CUST00247,ryan.johnson@gmail.com,905-714-6314,046 Thomas Manor,Quebec City,QC,A2M1J4,East
CUST00248,matthew.shelton@yahoo.com,647-440-3872,9557 Ellis Port Apt. 424,Saint John,NB,V1P 3M6,East
CUST00249,richard.martin@shaw.ca,306-169-6490,2928 White Extensions Apt. 231,Red Deer,AB,N5G 6T3,West
CUST00250,tanner.anderson@yahoo.com,604-615-1217,055 Nathan Plains,Hamilton,ON,Y1M 7E8,East
CUST00251,cindy.johnson@icloud.com,905-416-4873,5208 Holland Hill,Hamilton,ON,M6G2T8,East
CUST00252,phillip.elliott@outlook.com,416-240-7136,81406 Sean Course,Quebec City,QC,B4J5X4,East
CUST00253,anthony.day@gmail.com,604-757-1621,87186 Tracy Rapids,Surrey,BC,P7R 6G7,West
CUST00254,derek.murray@outlook.com,306-856-6385,45547 Jason Mills Suite 742,London,ON,S3G4C5,East
CUST00255,brent.gray@hotmail.com,416-633-7797,519 Davis Lodge Suite 628,Mississauga,ON,G7J5H9,East
CUST00256,jason.murphy@icloud.com,604-967-6427,49478 Walker Turnpike Apt. 244,Red Deer,AB,E3M8S4,West
CUST00257,kathleen.gray@outlook.com,604-920-4644,47195 Cunningham Ways,Ottawa,ON,V9E1P5,East
CUST00258,karen.decker@outlook.com,647-552-1099,025 Johns Dale,Lethbridge,AB,H6B7L6,West
CUST00259,johnny.miller@gmail.com,604-153-3318,4818 Katie Falls,Brampton,ON,H6Y 5N5,East
CUST00260,andrew.ryan@gmail.com,604-341-9313,89520 April Landing Suite 652,Halifax,NS,J4G 4X9,East
CUST00261,zoe.bell@yahoo.com,647-838-4236,7112 Timothy Inlet,London,ON,G6T3X5,East
CUST00262,debra.harrington@outlook.com,403-392-8344,132 Hailey Inlet,Ottawa,ON,J7G 2C2,East
CUST00263,denise.webster@gmail.com,306-181-6891,6031 Laura Passage,Moncton,NB,V1E 2L5,East
CUST00264,stefanie.gonzalez@yahoo.com,204-617-8101,19393 Ellen Burgs,Surrey,BC,G6L 3P9,West
CUST00265,andrew.hernandez@gmail.com,204-537-2363,911 Allison Stravenue,Gatineau,QC,M1H 2Y4,East
CUST00266,david.caldwell@outlook.com,647-666-3878,9271 Mary Light Suite 383,Laval,QC,E8N2E9,East
CUST00267,anne.robinson@yahoo.com,403-484-8878,5480 Mark Crescent,Brampton,ON,M8T4M9,East
CUST00268,holly.wang@hotmail.com,604-258-4106,6317 White Spring Suite 167,Ottawa,ON,E7G 2R3,East
CUST00269,gary.lawson@outlook.com,514-603-7628,3539 Martinez Villages,Markham,ON,V7L6L8,East
CUST00270,julie.wilson@shaw.ca,514-493-9020,8427 David Overpass Suite 320,Dartmouth,NS,B1C 3V7,East
CUST00271,lori.oconnell@gmail.com,416-227-7304,49911 Sparks Flats Suite 778,Hamilton,ON,Y9N1Y1,East
CUST00272,daniel.johnson@gmail.com,204-361-6711,67567 Johnson Fall Suite 276,Halifax,NS,M2R 8V9,East
CUST00273,larry.byrd@hotmail.com,514-813-1945,8280 Baker Ramp Suite 954,Richmond,BC,B3A6B6,West
CUST00274,susan.sanders@hotmail.com,604-589-1565,561 Reed Knolls,Lethbridge,AB,P4B4K5,West
CUST00275,jennifer.jones@hotmail.com,416-814-3422,141 Jackson Plain,Dartmouth,NS,B9T7S5,East
CUST00276,hannah.burton@bell.net,647-360-5053,790 Gray Loaf,Brampton,ON,E4V6E8,East
CUST00277,curtis.barton@gmail.com,905-759-7297,94563 Reid Turnpike Apt. 834,Edmonton,AB,B4M2R2,West
CUST00278,melissa.burke@shaw.ca,905-630-4093,1987 Clark Underpass Apt. 484,Kelowna,BC,Y7N7J5,West
CUST00279,david.riggs@icloud.com,403-808-5951,820 Barbara Forest Suite 489,Saskatoon,SK,B6X8J3,Central
CUST00280,kimberly.reed@hotmail.com,204-700-6045,46651 Meghan Grove,Kelowna,BC,H7L4K2,West
CUST00281,ross.wood@gmail.com,514-933-3338,03477 Henderson Camp,Montreal,QC,H1L 5G5,East
CUST00282,william.peterson@bell.net,204-815-6047,070 Michele Corner,Ottawa,ON,M6C2S7,East
CUST00283,melissa.short@icloud.com,416-199-2144,19818 Crawford Course,Ottawa,ON,E7N 4N7,East
CUST00284,daniel.yu@outlook.com,403-850-8060,12347 King Radial,Gatineau,QC,V2Y 6P9,East
CUST00285,cynthia.poole@gmail.com,647-302-8970,3425 Baldwin View Suite 090,Mississauga,ON,K7L 5Y6,East
CUST00286,jasmine.graham@yahoo.com,604-290-4292,376 Renee Lock,Toronto,ON,M5C4K3,East
CUST00287,jessica.sheppard@icloud.com,604-365-7697,560 Delacruz View Suite 765,Ottawa,ON,E9H2L6,East
CUST00288,joseph.morton@gmail.com,647-181-5802,857 Kathleen Row Apt. 720,Kelowna,BC,J2M2N3,West
CUST00289,amanda.webb@gmail.com,514-130-4846,296 Hayes Well,Toronto,ON,L5H 4N2,East
CUST00290,ryan.simon@icloud.com,416-162-5359,2669 Andrew Brooks Apt. 173,Victoria,BC,H7B5R3,West
CUST00291,joseph.christian@hotmail.com,416-199-4458,2910 Ayala Motorway,Montreal,QC,E4K5J5,East
CUST00292,mariah.miller@yahoo.com,403-597-8753,2639 Wanda Haven Apt. 626,Vancouver,BC,A4M 8L4,West
CUST00293,nicole.sanchez@yahoo.com,514-422-4925,710 Anderson Islands Suite 366,Gatineau,QC,C1E1Y6,East
CUST00294,steven.bishop@yahoo.com,416-464-6410,5990 Jon River,Dartmouth,NS,M3R9P1,East
CUST00295,nicholas.johnson@yahoo.com,204-842-3275,2875 Anderson Island,Montreal,QC,G6L1E3,East
CUST00296,melissa.white@rogers.com,403-816-5072,5644 Black Mews Apt. 572,Toronto,ON,B1J4G3,East
CUST00297,jason.salinas@hotmail.com,306-627-7768,4276 Wanda Park,Hamilton,ON,T8P 8Y8,East
CUST00298,matthew.beard@shaw.ca,514-117-6901,215 James Haven,Calgary,AB,H4X 1L9,West
CUST00299,jacqueline.hill@hotmail.com,604-721-8938,1371 Johnson Springs,Regina,SK,R6P 3E1,Central
CUST00300,alejandro.vaughan@icloud.com,514-538-8800,7749 Mark Cape,Kelowna,BC,N1G5J6,West
CUST00301,christopher.cortez@rogers.com,204-400-4196,189 Davis Glens,Saint John,NB,K1R 4C3,East
CUST00302,tracy.chang@gmail.com,905-408-9990,4214 Owen Street Suite 925,Montreal,QC,P8X 8J7,East
CUST00303,hannah.brewer@gmail.com,306-218-8899,9961 Shepherd Ridges Apt. 661,Fredericton,NB,X4N 3T8,East
CUST00304,travis.mcguire@gmail.com,647-871-2465,7617 Hernandez Crossroad,Edmonton,AB,K5X1S9,West
CUST00305,christopher.walker@gmail.com,514-492-5593,81866 Steven Stravenue,London,ON,P9L1C2,East
CUST00306,heather.torres@hotmail.com,905-781-3224,26016 Edwards Stream Suite 794,Mississauga,ON,H2J5H2,East
CUST00307,bonnie.kennedy@gmail.com,514-992-4666,006 Alexander Shoal Suite 769,Dartmouth,NS,M5P2R3,East
CUST00308,alyssa.coleman@hotmail.com,204-834-7252,31030 Timothy Drive,Halifax,NS,S2Y 5J8,East
CUST00309,julie.rivera@icloud.com,604-365-2895,6012 Joanne Mills,Lethbridge,AB,V4A4T5,West
CUST00310,jacqueline.nelson@gmail.com,604-862-2902,50166 Mclaughlin Ranch Suite 076,Toronto,ON,X1V9K1,East
CUST00311,john.martinez@rogers.com,204-690-1027,581 Orozco Mall Suite 179,Edmonton,AB,T3S5A4,West
CUST00312,james.wilson@outlook.com,204-533-6237,7383 Dorsey Walk Suite 246,Hamilton,ON,P4V5H2,East
CUST00313,amanda.gill@outlook.com,604-209-7476,23297 Laura Park Suite 338,Quebec City,QC,A6P 3L3,East
CUST00314,jacob.robinson@yahoo.com,647-935-5863,56193 Anna Oval,Markham,ON,N9P5B3,East
CUST00315,todd.hardy@hotmail.com,647-715-5643,077 Theresa Tunnel,Brandon,MB,Y2B 3X2,Central
CUST00316,tiffany.warren@icloud.com,416-713-6245,2478 Oconnor Courts,London,ON,P2N 4G8,East
CUST00317,justin.garcia@gmail.com,306-746-4534,37548 Christopher Landing Suite 532,London,ON,K7G7S8,East
CUST00318,james.perez@bell.net,416-929-6458,72081 Matthew Locks Apt. 606,Victoria,BC,G5B 7X7,West
CUST00319,harry.smith@gmail.com,604-817-1861,550 Mccullough Ridge Apt. 673,London,ON,P5R2J1,East
CUST00320,amanda.hill@rogers.com,204-406-3608,2884 Christopher Plaza Suite 852,Halifax,NS,A4Y 5L7,East
CUST00321,terri.tran@yahoo.com,204-794-8756,054 Martinez Throughway,Saint John,NB,T8M 6A4,East
CUST00322,heidi.martinez@yahoo.com,403-389-4196,4492 Stone Gateway,Fredericton,NB,N6X 8J2,East
CUST00323,miranda.henry@gmail.com,514-870-1886,661 Bryan Curve,Gatineau,QC,J6T9C7,East
CUST00324,monique.andrews@yahoo.com,647-691-3253,9767 Dennis Mall Apt. 282,Brandon,MB,T9G2X4,Central
CUST00325,taylor.alexander@gmail.com,647-314-4573,0285 Carolyn Lodge Apt. 159,Richmond,BC,B2X6G5,West
CUST00326,jack.williams@hotmail.com,416-470-2670,4702 Kristen Manor Apt. 443,Quebec City,QC,V9A 6E2,East
CUST00327,shelley.woods@yahoo.com,204-795-3756,7949 Mccullough Tunnel,Quebec City,QC,V9G8G8,East
CUST00328,lynn.morales@yahoo.com,306-283-1859,51996 Hall Locks Suite 807,Halifax,NS,C5H9A2,East
CUST00329,charles.soto@hotmail.com,204-252-7619,98909 Karen Parkway,Hamilton,ON,E1Y 5H4,East
CUST00330,brian.hernandez@gmail.com,306-409-3826,971 Morales Cape,Toronto,ON,A3N7S1,East
CUST00331,anna.torres@icloud.com,905-896-8596,4111 Justin Falls Suite 124,Lethbridge,AB,H3B1N1,West
CUST00332,victoria.wilson@gmail.com,306-476-1190,1526 Scott Views Apt. 033,Brandon,MB,V7X 2X5,Central
CUST00333,kathy.obrien@gmail.com,604-123-8856,7861 Johnson Roads,Toronto,ON,A2L 4Y9,East
CUST00334,krystal.perez@gmail.com,647-493-8932,9671 Krista Divide,London,ON,Y9H7K9,East
CUST00335,alexandra.hayes@yahoo.com,647-201-6328,07942 Brian Orchard Suite 946,Saint John,NB,J1X3M9,East
CUST00336,scott.dalton@icloud.com,647-515-1323,1612 Johns Fords,Markham,ON,N5L4T6,East
CUST00337,veronica.torres@icloud.com,306-165-9501,79502 Chelsea Avenue Apt. 268,Kelowna,BC,R2Y9C1,West
CUST00338,christine.lynch@icloud.com,604-774-2922,156 Hughes Villages Apt. 175,Winnipeg,MB,T1A 5K6,Central
CUST00339,jody.meza@hotmail.com,416-668-8327,94337 Johnson Park,Hamilton,ON,A2J 5R9,East
CUST00340,jared.clark@gmail.com,604-768-3641,83999 Cameron Crossroad Apt. 249,Montreal,QC,X1L 9J5,East
CUST00341,donna.moore@rogers.com,416-186-3043,60566 Martinez Path Suite 758,Mississauga,ON,K7B 9L8,East
CUST00342,glenn.jones@bell.net,647-533-1001,63519 Veronica Fork Suite 133,Burnaby,BC,N2M 1C8,West
CUST00343,aaron.hayes@bell.net,403-774-9750,95431 Allen Junctions Apt. 583,Toronto,ON,T2E 2T1,East
CUST00344,brittney.carter@outlook.com,514-635-6769,5120 Brown Ridge,Kelowna,BC,C9E1B5,West
CUST00345,jesse.mann@hotmail.com,416-342-1601,1963 Shawn Mountain Suite 991,Edmonton,AB,A6T4X2,West
CUST00346,jacqueline.gibson@rogers.com,604-237-4539,91939 Dana Glens,Mississauga,ON,S3V4T3,East
CUST00347,grace.bradshaw@gmail.com,204-176-5177,24968 Collins Plains,Red Deer,AB,G6V 5M6,West
CUST00348,kristin.weber@rogers.com,204-567-2364,920 William Village,London,ON,S4P 4J2,East
CUST00349,donna.peck@bell.net,647-648-4338,77959 Jensen Manor Suite 217,Dartmouth,NS,V4K 4A8,East
CUST00350,ronald.stephens@gmail.com,604-831-7097,75636 Margaret Avenue,London,ON,A1C9P2,East
CUST00351,deborah.kerr@yahoo.com,647-423-8104,7395 Theresa Flat,Edmonton,AB,M5H 3K6,West
CUST00352,margaret.jones@gmail.com,403-227-9707,30241 Marie Dam,Hamilton,ON,E5N8J4,East
CUST00353,gabriel.parker@yahoo.com,514-755-2457,2896 David Curve Apt. 386,Hamilton,ON,N1S4K9,East
CUST00354,kaitlyn.carroll@icloud.com,647-989-4698,53042 Clark Common Suite 912,Mississauga,ON,X9P8V3,East
CUST00355,keith.martinez@yahoo.com,604-487-2720,587 Wells Prairie Suite 903,Toronto,ON,J7T 4K5,East
CUST00356,haley.lyons@gmail.com,403-702-9021,9254 Dennis Corner Suite 785,Montreal,QC,B6T 7X8,East
CUST00357,sherri.mason@hotmail.com,403-664-5440,6575 Reyes Fall Suite 341,Mississauga,ON,C9M9X2,East
CUST00358,troy.miller@gmail.com,204-285-6655,11150 Matthew Spring Suite 444,Calgary,AB,G1Y 5L5,West
CUST00359,bill.reynolds@yahoo.com,647-365-1155,6907 Michelle Forks Apt. 373,Gatineau,QC,T6N4C7,East
CUST00360,marcus.wright@hotmail.com,647-487-5380,77805 Barbara Crossroad Suite 075,Quebec City,QC,K7S9S5,East
CUST00361,christopher.hayden@hotmail.com,514-824-5081,090 Eric Isle Suite 636,London,ON,Y8R 2J6,East
CUST00362,mary.johnston@hotmail.com,647-549-6799,412 Emily Fall Apt. 970,Gatineau,QC,J5C 4R4,East
CUST00363,stephanie.key@gmail.com,204-633-4748,817 Miguel Branch Apt. 566,Laval,QC,E7G 8Y2,East
CUST00364,emily.adams@gmail.com,403-516-6123,23467 Cassandra Inlet Apt. 874,Markham,ON,A2G 7T4,East
CUST00365,billy.avila@gmail.com,604-195-3705,777 Jo Heights Suite 546,Winnipeg,MB,S7K 8H7,Central
CUST00366,thomas.pearson@hotmail.com,306-927-1175,916 John Ways,Calgary,AB,L2Y 4M8,West
CUST00367,sabrina.white@hotmail.com,647-591-9156,151 William Tunnel Suite 672,Fredericton,NB,J8X1B2,East
CUST00368,brenda.walters@rogers.com,905-515-1227,5636 Alex Crescent Apt. 577,Victoria,BC,C4C8Y3,West
CUST00369,travis.davis@hotmail.com,514-350-9652,2209 Gregory Crossing Suite 210,Calgary,AB,G3T4P1,West
CUST00370,michael.cook@outlook.com,647-790-9577,0816 Wallace Rapid,Montreal,QC,B4R 6J4,East
CUST00371,elizabeth.hodge@gmail.com,647-626-6788,06005 Erin Circles,Saskatoon,SK,E1H 7H9,Central
CUST00372,mark.steele@outlook.com,647-482-2855,5839 Sarah Locks,Dartmouth,NS,E2K6J6,East
CUST00373,keith.landry@gmail.com,905-397-5901,65063 Robinson Shoals,London,ON,P4B7C5,East
CUST00374,lisa.pierce@gmail.com,204-322-5994,89241 Jarvis Square Suite 252,Burnaby,BC,V1C8N7,West
CUST00375,shawn.edwards@bell.net,306-158-6828,903 Christina Crossing,Halifax,NS,K2S1K3,East
CUST00376,marcus.cordova@yahoo.com,514-209-1084,4326 Dawn Freeway Suite 524,Brampton,ON,B5X1S4,East
CUST00377,richard.robertson@gmail.com,514-109-2660,3380 Laurie Square Apt. 968,London,ON,H2T8A2,East
CUST00378,vanessa.sandoval@gmail.com,647-520-3029,23212 Joel Common,Surrey,BC,T4M4H7,West
CUST00379,amy.gutierrez@gmail.com,403-331-8711,344 Faulkner Flats,Saskatoon,SK,V7C7P3,Central
CUST00380,jacob.cox@yahoo.com,647-649-5415,6896 Lori Underpass Suite 066,Burnaby,BC,M9Y 3G5,West
CUST00381,katherine.garrett@hotmail.com,306-265-3291,4746 Jones Dale Suite 323,Brampton,ON,A8X 7P7,East
CUST00382,kathleen.harris@gmail.com,604-213-4105,567 Davidson Radial Apt. 601,Brampton,ON,H5J6S9,East
CUST00383,andrea.pennington@yahoo.com,514-132-3626,506 Fitzgerald Gardens Suite 050,Ottawa,ON,L5T 4G3,East
CUST00384,samuel.wolfe@bell.net,403-221-7899,16691 Nancy Expressway,Lethbridge,AB,L9M7X5,West
CUST00385,david.dudley@icloud.com,647-432-7551,119 Olsen Grove Apt. 640,Richmond,BC,V2A 7E9,West
CUST00386,chelsea.allen@icloud.com,204-234-2797,462 Nicholas Squares Apt. 372,Victoria,BC,T4J 1H3,West
CUST00387,eric.pierce@gmail.com,514-612-1223,6791 Christopher Corner,Halifax,NS,E6L1C4,East
CUST00388,andrea.davis@gmail.com,514-539-1131,1004 Elizabeth Turnpike Apt. 138,Quebec City,QC,R8X 8L6,East
CUST00389,victoria.durham@gmail.com,905-879-8027,5553 Ortega Lane Apt. 551,Burnaby,BC,T1R 2G9,West
CUST00390,steven.wilson@hotmail.com,647-355-5606,357 Robertson Shore Apt. 050,Ottawa,ON,B4N8T7,East
CUST00391,marilyn.jimenez@shaw.ca,604-782-8031,6716 Lawson Station,Laval,QC,X3X 8B2,East
CUST00392,jennifer.hicks@icloud.com,905-817-9230,872 Friedman Orchard Apt. 332,London,ON,E3S 6A7,East
CUST00393,joshua.davenport@shaw.ca,647-334-2973,47128 Davis Square Suite 399,Edmonton,AB,N9R 7R4,West
CUST00394,tina.sanchez@gmail.com,604-249-7984,1411 Matthew Ramp,Toronto,ON,E6P 7G1,East
CUST00395,andrea.reyes@gmail.com,416-489-7673,98366 Wise Union Apt. 899,Ottawa,ON,E9R 8A6,East
CUST00396,sandra.romero@hotmail.com,604-327-6507,3772 Thomas Shores,Victoria,BC,N2M 5X8,West
CUST00397,natasha.shields@outlook.com,416-411-2803,4605 Maria Fords,Vancouver,BC,B7H 5V3,West
CUST00398,joshua.tyler@bell.net,204-352-6240,656 Mooney Throughway,Mississauga,ON,R5C5X4,East
CUST00399,robert.villa@gmail.com,416-776-6269,25904 Pena Ports Apt. 774,Saskatoon,SK,J1J 6J2,Central
CUST00400,william.hoover@gmail.com,905-541-4028,6201 Mccann Fall,Brampton,ON,E7X 3N7,East
CUST00401,justin.evans@yahoo.com,403-214-2587,13674 Denise Lane,Brampton,ON,T8R 6L1,East
CUST00402,brenda.duarte@yahoo.com,514-860-9664,11783 Brenda Ports,Edmonton,AB,L7E8H7,West
CUST00403,tracy.hernandez@hotmail.com,604-698-7292,215 Jennifer Wall Apt. 606,Edmonton,AB,C2X4Y2,West
CUST00404,amanda.reed@gmail.com,905-142-4120,208 Mcbride Crossing,Toronto,ON,G2J 9H5,East
CUST00405,andrea.daniels@bell.net,905-659-6618,18458 Rodney Shoals,Brampton,ON,K9M 5B9,East
CUST00406,stanley.morris@shaw.ca,604-646-3517,97585 Hailey Shore Apt. 303,Brampton,ON,M9J 4G6,East
CUST00407,jacob.terry@yahoo.com,403-998-6690,96184 James Estates Suite 714,Ottawa,ON,G2Y5J4,East
CUST00408,ashley.hall@outlook.com,905-546-2109,892 Underwood Island Suite 609,Regina,SK,C9L 2E9,Central
CUST00409,kimberly.williams@bell.net,416-270-5491,51554 Misty Fork Suite 016,Kelowna,BC,R3E 9E5,West
CUST00410,julie.thornton@gmail.com,416-913-4116,85948 Lawson Causeway Apt. 562,Quebec City,QC,Y8Y3R5,East
CUST00411,lisa.hughes@outlook.com,905-269-8172,822 Nicholas Street,Gatineau,QC,B7P8K3,East
CUST00412,elizabeth.hoover@outlook.com,204-510-5448,7844 Meyer Stravenue Apt. 414,Gatineau,QC,N2C4C2,East
CUST00413,tina.simpson@gmail.com,604-706-1145,014 Stokes Branch,Toronto,ON,X8G9V9,East
CUST00414,benjamin.shaw@outlook.com,403-410-4609,0930 Park Summit,Regina,SK,K8X3B9,Central
CUST00415,brittany.kane@outlook.com,647-329-1747,15285 Roberto Light,Mississauga,ON,P4E 9N2,East
CUST00416,morgan.alexander@gmail.com,647-384-3178,7443 Joann Port Suite 348,Burnaby,BC,T6V 1B8,West
CUST00417,alicia.bryant@gmail.com,604-943-4440,5105 Richard Branch Apt. 673,Markham,ON,X7X 2G8,East
CUST00418,jennifer.ortiz@hotmail.com,514-432-2363,43765 Diaz Falls,Vancouver,BC,E3T3T6,West
CUST00419,diana.moore@hotmail.com,204-726-5831,53134 Dennis Manor Suite 023,Dartmouth,NS,L8E9S8,East
CUST00420,terrance.costa@outlook.com,416-943-6824,6862 Susan Turnpike,Toronto,ON,G9G 1P4,East
CUST00421,matthew.schwartz@gmail.com,416-650-2743,569 Ryan Highway,Mississauga,ON,V4C3S9,East
CUST00422,debra.christian@bell.net,403-990-4377,41436 Thomas Tunnel,Gatineau,QC,X3H 4J2,East
CUST00423,melissa.villarreal@yahoo.com,604-695-7479,0432 Smith Flats,Quebec City,QC,B9R 5S4,East
CUST00424,norman.stewart@hotmail.com,204-477-3430,6708 Schneider Hollow,Ottawa,ON,L6P 7L4,East
CUST00425,jennifer.malone@outlook.com,306-289-3885,20005 Justin Harbors Apt. 624,Saskatoon,SK,P2N2M1,Central
CUST00426,monique.johnson@bell.net,647-763-5621,5598 Allen Harbor,Brampton,ON,R3C 2E1,East
CUST00427,casey.welch@rogers.com,204-803-4077,71189 Turner Mountains,Ottawa,ON,Y3G 4B7,East
CUST00428,samantha.bright@yahoo.com,306-760-7594,557 Rhonda Cliff Suite 688,Toronto,ON,H5L 1G1,East
CUST00429,julie.hamilton@gmail.com,416-717-2633,678 Gabriel Terrace,Hamilton,ON,Y5R4R3,East
CUST00430,corey.schultz@gmail.com,416-881-1716,93908 Gordon Stravenue,Toronto,ON,M5K9M2,East
CUST00431,monique.wallace@gmail.com,647-742-1221,08340 Sheri Harbors,Markham,ON,L4B 9K2,East
CUST00432,heather.berger@bell.net,905-655-6544,595 Miller Squares,Montreal,QC,G6S1M1,East
CUST00433,brandon.flynn@gmail.com,306-877-8279,42408 Jennifer Spurs Suite 498,Winnipeg,MB,T5K 4N7,Central
CUST00434,kelly.brooks@yahoo.com,647-349-1915,3652 Davis Falls,Laval,QC,H8H3J5,East
CUST00435,dustin.schmidt@outlook.com,905-121-1729,2269 Chad Cliffs,Red Deer,AB,K2T9R3,West
CUST00436,ashlee.sparks@gmail.com,204-245-1019,166 Daniel Bridge,Mississauga,ON,G5K 3C1,East
CUST00437,george.miller@gmail.com,204-250-6788,85132 Malone Mills,Saskatoon,SK,M3N 4V1,Central
CUST00438,monica.harvey@bell.net,204-803-2841,810 Curtis Hill Apt. 862,Edmonton,AB,K7A 7K3,West
CUST00439,john.durham@gmail.com,403-465-2249,436 Travis Creek Apt. 145,Vancouver,BC,N2E 1P3,West
CUST00440,douglas.murray@yahoo.com,905-144-3475,8592 Hernandez Shores,Calgary,AB,M5P8E6,West
CUST00441,jonathan.scott@yahoo.com,647-795-7967,102 Luke Loaf Suite 711,Hamilton,ON,L6G3C3,East
CUST00442,albert.ballard@hotmail.com,403-456-2702,5767 Guzman Roads Suite 236,London,ON,Y9V8Y9,East
CUST00443,rachel.byrd@hotmail.com,403-930-2251,1968 Jacqueline Freeway,Brampton,ON,A6J9A8,East
CUST00444,eric.alexander@icloud.com,647-427-3421,05524 Thomas Walk,Quebec City,QC,K1J3K2,East
CUST00445,michael.matthews@icloud.com,306-934-2102,0650 Elizabeth Cliffs,Victoria,BC,H6A3G2,West
CUST00446,danielle.coleman@bell.net,403-248-2481,09622 Manning Summit,Brampton,ON,V8S1N5,East
CUST00447,john.bruce@gmail.com,204-461-6231,00928 Alex Village,Ottawa,ON,T9Y5L4,East
CUST00448,james.cruz@hotmail.com,204-716-6463,41862 Richard Centers Apt. 628,Richmond,BC,T7V 7N3,West
CUST00449,timothy.young@bell.net,204-528-9144,6341 Christian Rapids,London,ON,A3K9M2,East
CUST00450,ashley.andrews@outlook.com,604-493-2369,90438 Danielle Bypass,Richmond,BC,L8C 1B1,West
CUST00451,victoria.phillips@outlook.com,604-819-2429,40546 Leonard Lock Suite 215,Lethbridge,AB,X3E1X7,West
CUST00452,tiffany.barrett@gmail.com,416-471-8764,042 Faith Common Apt. 332,Toronto,ON,X6X 8X3,East
CUST00453,joshua.knight@gmail.com,514-469-3283,5960 Allen Ridge Apt. 297,Halifax,NS,A9G 2M8,East
CUST00454,gina.garner@icloud.com,204-348-4452,5242 Joshua Lakes,Ottawa,ON,C8C5H8,East
CUST00455,brandon.obrien@hotmail.com,905-812-3344,2197 Michael Heights Suite 692,Winnipeg,MB,P6X2N7,Central
CUST00456,tyler.strong@hotmail.com,204-480-1886,0903 Eric Cove Suite 629,Toronto,ON,C8K2R6,East
CUST00457,justin.lindsey@yahoo.com,647-130-3406,8711 Jessica Locks Suite 365,Montreal,QC,N4N 8V2,East
CUST00458,catherine.gomez@gmail.com,416-682-7823,0827 Danielle Island Apt. 960,Toronto,ON,S1V4J1,East
CUST00459,dana.oliver@yahoo.com,647-866-9641,4212 Joshua Common Suite 768,Ottawa,ON,L2H 7B6,East
CUST00460,erica.le@yahoo.com,514-554-1216,35677 Tammy Mews Suite 960,Laval,QC,C6G 1N3,East
CUST00461,donna.massey@gmail.com,416-718-3843,75164 Vanessa Village Apt. 791,Ottawa,ON,J9J 3S7,East
CUST00462,courtney.berger@yahoo.com,204-796-8443,3390 Cervantes Brook,Vancouver,BC,M8X8E7,West
CUST00463,debbie.parker@rogers.com,403-826-4724,5868 Wilson Fall Suite 652,Red Deer,AB,Y5S 7R5,West
CUST00464,scott.riley@gmail.com,905-634-7185,11096 Tyler Terrace,Surrey,BC,T5X 7B4,West
CUST00465,jessica.davis@hotmail.com,204-733-1917,8613 Sampson Keys,Moncton,NB,S6R4A9,East
CUST00466,kenneth.burgess@icloud.com,905-936-8674,4463 Rachel Mall Apt. 002,Ottawa,ON,X3N7N4,East
CUST00467,gregory.anderson@hotmail.com,204-268-1895,96096 Sheila Loaf Apt. 658,Victoria,BC,S3K 9E2,West
CUST00468,amber.mata@gmail.com,905-206-2274,482 Harris Course Apt. 609,Gatineau,QC,A7Y 1C3,East
CUST00469,alyssa.mcintyre@icloud.com,416-345-5623,523 Kenneth Plain Apt. 640,Markham,ON,C2G2A8,East
CUST00470,maria.scott@gmail.com,416-874-6064,24421 Troy Lake,Toronto,ON,R1E 7V2,East
CUST00471,makayla.olson@hotmail.com,416-346-5410,136 Preston Roads Suite 224,Ottawa,ON,H6B 6E8,East
CUST00472,lindsay.francis@outlook.com,306-146-1787,84139 Amanda Path,Hamilton,ON,J4P 1E6,East
CUST00473,matthew.wilson@gmail.com,514-869-5626,12447 Stephanie Keys,Mississauga,ON,T9V7S4,East
CUST00474,sydney.taylor@yahoo.com,204-843-6830,34619 Martin Ford Suite 676,Halifax,NS,N7E4R6,East
CUST00475,tammy.dalton@hotmail.com,514-517-9250,172 Susan Glen Suite 498,Saint John,NB,R3A6E7,East
CUST00476,jennifer.whitney@icloud.com,416-701-7260,3135 Thomas Island,Markham,ON,A6N 4A8,East
CUST00477,tammy.ballard@gmail.com,647-798-8587,81649 Alison Cove Suite 919,Vancouver,BC,S4N4N1,West
CUST00478,michael.gibbs@gmail.com,604-320-3307,0461 Shawn Rapid Suite 963,London,ON,M8A 5A3,East
CUST00479,alexander.herrera@shaw.ca,514-558-3149,88050 Terry Village Suite 445,Quebec City,QC,R6C8Y1,East
CUST00480,shawn.chambers@outlook.com,204-140-7350,7715 Anthony Causeway Apt. 215,Mississauga,ON,K4H6C9,East
CUST00481,emily.richards@outlook.com,647-680-9151,040 Brandon Hollow,Hamilton,ON,L5N 3R3,East
CUST00482,lynn.bentley@gmail.com,403-660-2428,25296 Barnett Pike Apt. 977,Toronto,ON,N2V5K5,East
CUST00483,daniel.hall@yahoo.com,403-265-2116,8331 Teresa Circle,Richmond,BC,A7J 4T8,West
CUST00484,angel.henson@yahoo.com,905-283-8548,3988 Hodges Inlet,Mississauga,ON,G3X4E6,East
CUST00485,anna.herman@shaw.ca,306-765-3301,9836 Casey Manors Apt. 491,Brampton,ON,T4E 1E8,East
CUST00486,jeffrey.brown@gmail.com,403-510-7701,0787 Baker Plaza,Dartmouth,NS,P3S 7J9,East
CUST00487,madison.blankenship@yahoo.com,514-482-2367,507 Wood Causeway Suite 634,Winnipeg,MB,R9H 8L9,Central
CUST00488,kevin.ortiz@gmail.com,416-735-1934,03131 Patty Ports Suite 318,Gatineau,QC,L7K 7R2,East
CUST00489,donald.shah@hotmail.com,416-258-2725,473 Kristi Key,Quebec City,QC,M3A9E8,East
CUST00490,kevin.vasquez@outlook.com,905-328-7360,325 Garrett Isle Suite 207,Ottawa,ON,N5A2H3,East
CUST00491,colton.clay@yahoo.com,306-757-9767,579 Tracy Gateway,Saskatoon,SK,E5B4A9,Central
CUST00492,derek.chavez@gmail.com,647-849-2775,11457 Navarro Plains,Regina,SK,V8L1P6,Central
CUST00493,ellen.paul@icloud.com,604-511-6385,589 Rodriguez Spur Apt. 263,Regina,SK,P4V 7A6,Central
CUST00494,sonya.barnes@shaw.ca,306-317-8802,136 Tammy Wells,Mississauga,ON,X6H6L7,East
CUST00495,julia.moore@gmail.com,647-581-3384,4309 Flowers Crossing Suite 795,Brampton,ON,E3A8V3,East
CUST00496,robert.garcia@outlook.com,204-163-6922,824 Roberts Union Suite 070,Red Deer,AB,M8E 5B1,West
CUST00497,tracy.russell@gmail.com,604-988-1375,0042 Koch Turnpike Apt. 142,Gatineau,QC,S4C 1M8,East
CUST00498,stephanie.johnson@gmail.com,647-185-3322,66614 Harper Extensions Suite 592,Dartmouth,NS,L9G 4S5,East
CUST00499,mitchell.ramos@gmail.com,306-992-7876,49782 Patton Village Suite 128,Brampton,ON,N8X6P7,East
CUST00500,stephanie.foley@rogers.com,647-950-1880,6708 Susan Manor Apt. 294,Victoria,BC,X9P 5G1,West
CUST00501,cory.jennings@yahoo.com,403-268-4253,60787 Christopher Groves Apt. 591,Brampton,ON,V2N9B1,East
CUST00502,amy.levine@outlook.com,647-813-8156,287 Jeffrey Spring,Brampton,ON,M8M 4A2,East
CUST00503,michael.sanders@outlook.com,416-674-4253,29181 James Mountains,London,ON,X1T 2R5,East
CUST00504,james.martinez@outlook.com,647-431-6185,2384 Villarreal Ridges Apt. 620,London,ON,G9K 9H4,East
CUST00505,melanie.gibson@bell.net,306-985-6184,4419 Richardson Harbor Suite 617,Brampton,ON,S5G8A2,East
CUST00506,elizabeth.may@yahoo.com,416-561-3059,94097 Rebecca Knoll Apt. 774,London,ON,H9P 4X6,East
CUST00507,carla.smith@gmail.com,604-530-9947,122 Rios Port Suite 724,Calgary,AB,R7C8V3,West
CUST00508,kristin.sanchez@gmail.com,604-295-1235,59959 Jones Burgs Apt. 311,Gatineau,QC,V4N2K3,East
CUST00509,david.cunningham@gmail.com,403-614-3043,1094 Benjamin Summit Apt. 759,Mississauga,ON,H8N 7E3,East
CUST00510,casey.hubbard@yahoo.com,514-460-9887,47743 Judy Mews,Gatineau,QC,C4A 1E3,East
CUST00511,jamie.robinson@gmail.com,647-569-8018,6981 Lopez Stream,Burnaby,BC,J9J6V6,West
CUST00512,molly.murphy@outlook.com,204-490-5669,76619 David Path,Hamilton,ON,E4E1V9,East
CUST00513,dylan.lester@hotmail.com,905-189-2700,34465 Monique Estate Suite 189,Brandon,MB,X7X 1M9,Central
CUST00514,aaron.garrison@outlook.com,204-206-9133,740 Matthew Green,Toronto,ON,N4B 9G6,East
CUST00515,duane.anderson@hotmail.com,416-783-5749,71990 Zavala Mall,Montreal,QC,Y5V 1G2,East
CUST00516,john.thompson@gmail.com,306-664-7243,8356 Turner Vista,Winnipeg,MB,A4B 9A7,Central
CUST00517,donna.johnson@yahoo.com,905-459-8601,706 Dominguez Meadows,Markham,ON,Y8G2E6,East
CUST00518,alexis.tyler@hotmail.com,204-107-7138,56033 Brianna Forks Suite 890,Victoria,BC,K1B 3C8,West
CUST00519,john.morris@gmail.com,403-414-7794,0559 Whitney Curve,Laval,QC,V2E5C9,East
CUST00520,grant.williams@rogers.com,204-133-1254,5374 Deleon Highway,Montreal,QC,X9L 9N2,East
CUST00521,judy.fox@yahoo.com,514-443-3792,6974 James Dam,Markham,ON,M2Y 6J3,East
CUST00522,julie.alvarez@gmail.com,204-297-7444,77107 Joseph Radial,Dartmouth,NS,M5C7B8,East
CUST00523,kimberly.palmer@gmail.com,204-845-3846,6703 Nicolas Shoals,Brandon,MB,Y1B9M6,Central
CUST00524,daniel.gordon@outlook.com,204-336-2631,549 Katherine Junctions,Burnaby,BC,S9B7E5,West
CUST00525,sonia.williams@outlook.com,204-963-5263,9984 Susan Mountain Apt. 204,Quebec City,QC,C5K6Y7,East
CUST00526,krista.camacho@bell.net,604-195-2528,454 Patton Valleys,Winnipeg,MB,E5M 3N8,Central
CUST00527,adrienne.ellis@outlook.com,647-128-9907,70705 Little Point Apt. 609,Toronto,ON,L2Y 8N3,East
CUST00528,tamara.brown@outlook.com,416-860-3138,4723 Dylan River Apt. 310,Halifax,NS,X1T 9N4,East
CUST00529,timothy.morales@hotmail.com,514-291-4927,440 Fernandez Cape,Saint John,NB,P9E 8C2,East
CUST00530,gina.henry@gmail.com,604-843-7194,35956 Dawn Wells,Edmonton,AB,G6A6N7,West
CUST00531,renee.jones@gmail.com,647-742-1379,4902 Williams Drive Apt. 193,Montreal,QC,X4X7P1,East
CUST00532,christopher.franklin@gmail.com,905-209-3323,1139 Ryan Crossing,Calgary,AB,V8X 6X5,West
CUST00533,cameron.hill@gmail.com,306-964-6921,435 Lauren Lake,Ottawa,ON,T4N 8E7,East
CUST00534,cynthia.kelley@yahoo.com,306-914-1359,58815 Jacobs Mission Suite 392,Saskatoon,SK,S5G 6L6,Central
CUST00535,mark.vang@bell.net,905-315-7879,66829 Chen Trail,Richmond,BC,H3T 2A7,West
CUST00536,alyssa.chavez@hotmail.com,306-927-3639,712 Mary Burg Apt. 128,Mississauga,ON,S7P9G4,East
CUST00537,catherine.garcia@rogers.com,416-220-6616,55999 Virginia Cape Apt. 576,Toronto,ON,S3M3V9,East
CUST00538,jacqueline.farrell@shaw.ca,416-262-9548,09957 Flores Fall,Fredericton,NB,E8K6M1,East
CUST00539,debra.mack@gmail.com,416-648-1377,5652 Bobby Street Apt. 684,Montreal,QC,E3P2M5,East
CUST00540,jennifer.lewis@gmail.com,514-217-4554,7324 Zhang Terrace Apt. 342,Surrey,BC,J3Y 1X1,West
CUST00541,shannon.perez@gmail.com,647-374-5483,70534 Dennis Pike,Ottawa,ON,T2M 8E7,East
CUST00542,matthew.chavez@yahoo.com,403-578-9123,1241 Lara Summit Apt. 152,Vancouver,BC,L2T6X1,West
CUST00543,robert.davis@bell.net,403-277-4242,85380 John Radial Suite 334,Richmond,BC,G8V5H3,West
CUST00544,ronald.ortega@bell.net,905-697-6105,183 Ryan Overpass,Laval,QC,H5B 7S4,East
CUST00545,nicholas.hernandez@bell.net,306-543-8309,8243 Contreras Overpass Suite 958,Ottawa,ON,M2E5K7,East
CUST00546,sandra.jones@gmail.com,514-737-2762,3612 Huber Shore Apt. 562,Victoria,BC,V1S5K5,West
CUST00547,marie.davis@gmail.com,514-482-2052,0854 Jenkins Valleys,Lethbridge,AB,S1R5L8,West
CUST00548,colin.rodgers@bell.net,403-700-7714,0476 Ashley Expressway,Vancouver,BC,E9N 1G1,West
CUST00549,lisa.hawkins@rogers.com,514-507-1490,55810 Michael Flat Apt. 863,Markham,ON,H7P4N9,East
CUST00550,brenda.hoffman@yahoo.com,647-466-5019,00818 Moody Canyon,Markham,ON,M4M 4A1,East
CUST00551,mark.martinez@yahoo.com,647-898-6151,166 Loretta Wells Suite 111,London,ON,A3A2Y7,East
CUST00552,michael.ortega@hotmail.com,514-318-8624,456 Kevin Mount,Mississauga,ON,E7L 5V7,East
CUST00553,karen.parrish@rogers.com,905-494-5646,68474 Patrick Parks,Red Deer,AB,P8Y4E1,West
CUST00554,jennifer.schmitt@gmail.com,403-833-2225,75791 Cook Valleys Apt. 182,Edmonton,AB,V3K 7C8,West
CUST00555,caroline.bell@hotmail.com,204-425-6244,74645 Benjamin Spurs,Lethbridge,AB,A9L8J9,West
CUST00556,becky.lewis@icloud.com,306-147-5496,3577 Samantha Manors Apt. 620,Toronto,ON,X4E 8H2,East
CUST00557,diane.walker@yahoo.com,514-705-7272,7287 Kaitlyn Plaza,Vancouver,BC,R2A7M5,West
CUST00558,daniel.bruce@gmail.com,416-572-5659,595 Donald Pike Apt. 958,Toronto,ON,V6T3J3,East
CUST00559,michael.farmer@gmail.com,416-445-1266,56227 Victoria Avenue Suite 331,Brampton,ON,N8E3B2,East
CUST00560,audrey.aguirre@icloud.com,204-840-5931,835 Sarah Harbor Suite 694,Toronto,ON,R9L4Y2,East
CUST00561,megan.villegas@yahoo.com,905-669-6131,34249 David Pike,Markham,ON,N4L3V1,East
CUST00562,loretta.austin@yahoo.com,306-605-2989,19222 Baxter Islands,Vancouver,BC,B8G 7X8,West
CUST00563,dawn.johnson@gmail.com,416-945-1170,8138 Bennett Lights Suite 548,Winnipeg,MB,X3C5J3,Central
CUST00564,sarah.gallegos@rogers.com,204-331-3788,774 Angela Mews Suite 205,Mississauga,ON,P9S4J7,East
CUST00565,joseph.white@rogers.com,514-935-9807,03758 Adam Inlet Suite 154,London,ON,L8B 7L1,East
CUST00566,jacqueline.parker@rogers.com,403-903-1705,0907 Henry Mountains Apt. 050,Saint John,NB,H7G 2C1,East
CUST00567,matthew.smith@gmail.com,514-804-7218,051 Lucero Fields Apt. 552,Mississauga,ON,X7A1R2,East
CUST00568,molly.knight@bell.net,306-222-3069,241 Scott Harbor,Ottawa,ON,X1S 5H5,East
CUST00569,richard.thomas@icloud.com,204-752-8320,57919 Davis Course Apt. 125,Ottawa,ON,H6A 8J2,East
CUST00570,cynthia.johnson@outlook.com,306-387-6274,3240 Mccarthy Fall,Edmonton,AB,G4N4S5,West
CUST00571,julie.lewis@gmail.com,403-884-5853,44741 Kelly Lakes,Gatineau,QC,X1T7H3,East
CUST00572,robert.peterson@outlook.com,604-775-4373,654 Matthew Parkway,Laval,QC,C5X4J8,East
CUST00573,mitchell.griffith@shaw.ca,416-317-1215,18272 Willis Landing Suite 905,Montreal,QC,P7A 8H6,East
CUST00574,kimberly.bradley@icloud.com,604-599-2712,125 Martin Plains Apt. 079,Gatineau,QC,S4R5V6,East
CUST00575,christopher.williams@outlook.com,514-878-6108,6403 Robert Trail Suite 969,Markham,ON,H5X 9H4,East
CUST00576,eric.williamson@icloud.com,905-233-4584,50142 Ellis Expressway,Quebec City,QC,A3G5J5,East
CUST00577,emily.nelson@shaw.ca,604-898-7556,33613 Gail Vista,Regina,SK,A6V2H8,Central
CUST00578,ebony.tucker@yahoo.com,403-990-2672,376 Mccarthy Track Apt. 625,Mississauga,ON,R7N 7M9,East
CUST00579,scott.nelson@hotmail.com,604-116-8550,7903 Katrina Land,Toronto,ON,N7X2A4,East
CUST00580,kari.wilson@yahoo.com,306-460-5351,3034 Davis Lights,Toronto,ON,S5G 7M8,East
CUST00581,russell.campbell@gmail.com,204-317-3467,6226 Steven Corner,Hamilton,ON,E3R6A3,East
CUST00582,erika.tucker@outlook.com,416-551-5466,707 Henderson Center Suite 641,Richmond,BC,X6P9V6,West
CUST00583,elizabeth.williams@hotmail.com,204-298-5816,68612 Matthew Station,Toronto,ON,J7X1T8,East
CUST00584,randall.greene@outlook.com,306-631-8103,17750 King Junction Suite 084,Ottawa,ON,M1P 8S6,East
CUST00585,adrian.turner@hotmail.com,905-324-2887,091 Dennis Place Suite 321,Toronto,ON,G7G 5V6,East
CUST00586,jason.taylor@outlook.com,604-167-9718,938 Williams Islands Suite 029,Toronto,ON,R6X 5C7,East
CUST00587,jonathan.murphy@rogers.com,204-501-7437,24161 Ashley Hollow Apt. 059,Ottawa,ON,J3S5L9,East
CUST00588,adrian.burgess@icloud.com,403-607-4370,624 Smith Fords,London,ON,S5G 8L6,East
CUST00589,gregory.james@yahoo.com,403-822-5718,30531 Chandler Rest,Ottawa,ON,S7N8Y9,East
CUST00590,jane.mason@gmail.com,306-856-6002,5557 Steven Summit,Montreal,QC,J7Y5H7,East
CUST00591,martha.drake@gmail.com,905-270-4069,917 Miller Summit,Winnipeg,MB,M8M8N1,Central
CUST00592,charles.hensley@gmail.com,416-782-8775,929 Cunningham Mall,Brampton,ON,M4Y 7V9,East
CUST00593,bobby.smith@gmail.com,403-178-3797,9116 Jason Creek,Vancouver,BC,H9H7R6,West
CUST00594,samantha.atkins@outlook.com,306-697-1016,9455 Elizabeth Spur,Montreal,QC,X7Y4Y7,East
CUST00595,barbara.berry@yahoo.com,416-938-1284,4722 Roberts Place Suite 721,Surrey,BC,S4S1S4,West
CUST00596,jenna.butler@icloud.com,647-873-3401,981 Dougherty Islands,Red Deer,AB,H6V 1C7,West
CUST00597,darius.smith@yahoo.com,514-563-9039,75327 Marcus Hill,Montreal,QC,A8J 4T8,East
CUST00598,mark.solis@hotmail.com,403-473-8516,78195 John Stravenue,Laval,QC,A9B 8S7,East
CUST00599,christine.collier@yahoo.com,514-630-8935,4819 Samuel Views,Mississauga,ON,M6R 7B9,East
CUST00600,samantha.davis@outlook.com,416-251-7722,1124 Jennifer Lakes Suite 523,London,ON,J6L2E8,East
CUST00601,megan.sanchez@yahoo.com,416-350-8056,45475 Lyons Port Suite 902,Winnipeg,MB,X4M 6A6,Central
CUST00602,brianna.warren@gmail.com,204-754-2768,2947 Nunez Drives Apt. 294,London,ON,L4K5A3,East
CUST00603,randy.collins@hotmail.com,306-997-9632,5886 Montgomery Extension,Saint John,NB,G9X6N7,East
CUST00604,matthew.cook@yahoo.com,514-500-7836,287 Timothy Light Apt. 153,London,ON,J5K2G4,East
CUST00605,gary.dixon@yahoo.com,416-693-9520,7908 Judith Lakes Apt. 615,Dartmouth,NS,L9Y 2Y1,East
CUST00606,daniel.hicks@yahoo.com,306-680-6685,833 Robles Falls Apt. 372,Montreal,QC,L2Y 4L2,East
CUST00607,rebecca.bailey@outlook.com,647-577-3461,403 John Trace,Toronto,ON,T1E6Y2,East
CUST00608,jessica.fuentes@outlook.com,647-410-8976,1717 Cory Radial,Burnaby,BC,V7M 2A8,West
CUST00609,lisa.young@gmail.com,306-141-4560,970 Webster Rapid,Markham,ON,V9H8N9,East
CUST00610,dwayne.gonzalez@gmail.com,306-413-1083,448 Matthew Springs Suite 712,Hamilton,ON,A8N8X3,East
CUST00611,carrie.wolf@icloud.com,416-357-3256,64175 James Coves,Victoria,BC,J5M 6X9,West
CUST00612,diana.thompson@icloud.com,647-188-5434,49392 Moore Trafficway Suite 229,Mississauga,ON,N7X 5V4,East
CUST00613,kendra.snyder@gmail.com,905-397-4585,4524 Acosta Village Suite 746,London,ON,S1A7R6,East
CUST00614,karen.wolf@gmail.com,204-532-7539,4033 Phillips Landing,Mississauga,ON,N6S 9R9,East
CUST00615,shane.glass@rogers.com,403-711-6091,98741 John Islands,Moncton,NB,V8B4R5,East
CUST00616,anne.reid@hotmail.com,514-923-3280,10548 Kim Haven Apt. 721,Brampton,ON,S5G4G9,East
CUST00617,claudia.lin@gmail.com,204-667-4268,3598 Hawkins Viaduct,Quebec City,QC,A6G6C8,East
CUST00618,courtney.hernandez@gmail.com,306-658-4004,57375 Gonzalez Squares,Toronto,ON,L2A7G7,East
CUST00619,carlos.ramos@yahoo.com,647-639-8240,0808 Smith Mews Apt. 858,Markham,ON,M2N2C9,East
CUST00620,kevin.hill@yahoo.com,204-577-7889,281 Bishop Field,Laval,QC,S8L 3T6,East
CUST00621,brian.romero@gmail.com,416-885-7896,95786 Richard Hill,Fredericton,NB,R4A 6A7,East
CUST00622,lance.hayes@outlook.com,403-905-4975,3958 Valdez Flats,Ottawa,ON,G4J5G3,East
CUST00623,brian.decker@gmail.com,403-154-7433,89028 Blevins Islands,Red Deer,AB,K5J3J7,West
CUST00624,chase.lin@gmail.com,306-959-1890,35027 Mary Lane Apt. 736,London,ON,T4T 4R7,East
CUST00625,melissa.gilbert@icloud.com,905-441-2595,28981 Katherine Crest,Mississauga,ON,P4N4S2,East
CUST00626,william.ford@hotmail.com,416-224-9369,4817 Adrian Unions Suite 615,Brandon,MB,M5C4S2,Central
CUST00627,angela.conner@hotmail.com,647-675-9115,0450 Melanie Fall Apt. 282,Montreal,QC,V4B 5B6,East
CUST00628,paula.cole@hotmail.com,647-408-6093,62282 Michael Creek Apt. 073,London,ON,R6P1L1,East
CUST00629,lisa.pearson@icloud.com,604-217-2100,70260 Farmer Stravenue Apt. 210,Montreal,QC,K2C2S8,East
CUST00630,marc.alvarez@rogers.com,905-353-4347,8729 Larry Mountains Suite 258,Hamilton,ON,E4V3V4,East
CUST00631,edward.brown@icloud.com,306-500-1911,31164 John Glen,Toronto,ON,M9N 9T5,East
CUST00632,dale.nolan@yahoo.com,647-939-4849,6529 Julie Union,Dartmouth,NS,B1J3H1,East
CUST00633,matthew.klein@icloud.com,306-979-3018,65097 Mathews Field,Brandon,MB,T5J9T8,Central
CUST00634,william.thompson@gmail.com,647-938-4943,485 Barajas Ferry,Victoria,BC,N8V2Y6,West
CUST00635,john.kim@hotmail.com,604-587-8871,56082 Jeremy Mount Apt. 184,London,ON,P7M 9T2,East
CUST00636,scott.mills@gmail.com,306-476-5508,8323 James Summit,London,ON,X9G1X9,East
CUST00637,erik.watson@icloud.com,306-526-7960,382 Moore Springs Apt. 932,Victoria,BC,J7L5B7,West
CUST00638,justin.ortiz@yahoo.com,204-111-5960,7524 Charles Station Suite 399,Mississauga,ON,B3S 8G3,East
CUST00639,matthew.harper@rogers.com,306-143-6811,2669 John Keys,London,ON,K7L 2G3,East
CUST00640,kristina.holland@rogers.com,306-383-1149,2450 Abigail Pine,Fredericton,NB,V5K 2T9,East
CUST00641,cameron.davis@outlook.com,604-457-9602,15406 Rodriguez Mountain Suite 927,Fredericton,NB,K2X6E4,East
CUST00642,erika.mitchell@gmail.com,647-460-6558,660 Michelle Harbors Suite 485,Vancouver,BC,L1P2C8,West
CUST00643,jennifer.douglas@gmail.com,403-503-2117,739 Wade Cove,Surrey,BC,Y7R1X2,West
CUST00644,rebecca.marks@yahoo.com,306-720-3955,113 Carpenter Station,Regina,SK,R8B8P9,Central
CUST00645,mathew.aguilar@gmail.com,514-702-6703,6039 Andrew Isle,Red Deer,AB,M8S 5A6,West
CUST00646,donald.bailey@gmail.com,416-972-3607,3470 Ellis Roads Suite 238,Lethbridge,AB,R8P2H6,West
CUST00647,tammy.hale@gmail.com,306-431-4793,835 Garcia Stravenue Apt. 659,London,ON,H5R8J6,East
CUST00648,philip.larson@icloud.com,905-278-7292,5225 Daniel Prairie Suite 884,Saint John,NB,R2C 2J7,East
CUST00649,sharon.collins@bell.net,416-726-5103,58562 Garcia Street Suite 991,Gatineau,QC,K4T9B3,East
CUST00650,nicholas.conner@hotmail.com,306-881-7132,73333 Wong Forge Apt. 043,Markham,ON,V9T 9S4,East
CUST00651,lisa.santiago@bell.net,514-210-8364,89696 Mann Lakes Suite 655,Calgary,AB,N2Y 3P6,West
CUST00652,maria.rodgers@outlook.com,604-300-5136,921 Nichols Cove,London,ON,P8Y 5K1,East
CUST00653,gina.fox@gmail.com,604-859-3655,779 Brown Extension Apt. 878,Victoria,BC,P2V 6G2,West
CUST00654,debbie.henderson@icloud.com,604-188-1397,409 Jordan Track Apt. 637,Kelowna,BC,Y4M9N7,West
CUST00655,michael.cox@gmail.com,647-105-6891,950 Jennifer Knolls,Calgary,AB,C7C 3X4,West
CUST00656,henry.lewis@yahoo.com,306-294-4399,220 Chandler Isle,Montreal,QC,E7R 7R8,East
CUST00657,stacey.tucker@outlook.com,514-733-3258,2145 Jasmine Glen,Lethbridge,AB,C7H4L4,West
CUST00658,jeremy.taylor@yahoo.com,204-994-2161,157 Alexandria Brooks Apt. 805,Gatineau,QC,H1A 1X6,East
CUST00659,chris.richard@icloud.com,403-203-2932,0995 Stephanie Field Suite 283,Edmonton,AB,E3G8P3,West
CUST00660,craig.wise@outlook.com,514-123-4670,0908 Lindsay Inlet,Vancouver,BC,E9P3H2,West
CUST00661,mary.stephenson@bell.net,403-499-6863,92957 Bowers Crescent Apt. 535,Brandon,MB,K7V 1J6,Central
CUST00662,benjamin.rogers@gmail.com,403-176-9755,9181 Buck Port,Markham,ON,Y6J3M8,East
CUST00663,katie.anderson@yahoo.com,416-659-2816,6666 Tracy Overpass,Red Deer,AB,N7Y 5V8,West
CUST00664,nicholas.martin@hotmail.com,416-446-7904,080 Stacey Inlet Apt. 508,Red Deer,AB,B4M 6R9,West
CUST00665,marie.wise@rogers.com,416-242-4346,688 William Springs,Mississauga,ON,J3E 4T6,East
CUST00666,lisa.martin@bell.net,416-341-9086,373 Brandon Light,Red Deer,AB,E4M 6A3,West
CUST00667,samuel.jenkins@rogers.com,416-454-2159,56022 Christy Green Suite 943,Hamilton,ON,S7A7S5,East
CUST00668,erica.young@rogers.com,306-232-5432,4906 Heather Mission,Halifax,NS,K2C 3E8,East
CUST00669,sean.mitchell@gmail.com,604-765-6738,85246 Herrera Haven,Montreal,QC,E4E2R9,East
CUST00670,kaitlyn.cole@icloud.com,604-121-1906,28077 Daniel Camp Suite 211,Burnaby,BC,S3P 8T1,West
CUST00671,amanda.collins@icloud.com,204-798-1296,50902 Villarreal Glen,Markham,ON,P1T 7J7,East
CUST00672,lindsey.harrison@yahoo.com,204-812-3051,8132 Matthew Stravenue,Calgary,AB,A4T9C5,West
CUST00673,mary.richardson@outlook.com,905-548-2933,85011 Holmes Brook,Richmond,BC,N3P 2B4,West
CUST00674,stacey.joyce@yahoo.com,514-547-1949,0906 Melody Track,Regina,SK,Y8C 7A5,Central
CUST00675,steven.campbell@outlook.com,604-522-9785,3794 Baird Roads Suite 727,Toronto,ON,K3G7M5,East
CUST00676,patrick.rose@rogers.com,604-932-1931,0642 Steve Station,Calgary,AB,R4G 7P7,West
CUST00677,tammy.montoya@yahoo.com,403-144-6146,7767 Morgan Shores Suite 283,Ottawa,ON,J6J 8J9,East
CUST00678,laurie.taylor@rogers.com,403-232-7517,4362 Rodriguez Run Suite 496,London,ON,J9J 3N7,East
CUST00679,john.davidson@hotmail.com,905-356-9907,70369 Joshua Summit Apt. 693,Vancouver,BC,S4N 3T8,West
CUST00680,morgan.spencer@hotmail.com,514-979-4609,980 Kristin Corner Apt. 005,London,ON,N3P 4J5,East
CUST00681,curtis.singleton@bell.net,403-989-5001,9597 Morgan Extensions,Burnaby,BC,M3E3Y3,West
CUST00682,melissa.mitchell@yahoo.com,905-155-6679,89628 Graves Harbors Apt. 127,Burnaby,BC,B8G 7R8,West
CUST00683,kathryn.nelson@gmail.com,604-240-9535,95799 Seth Brooks,Regina,SK,P6N2C3,Central
CUST00684,rebecca.hernandez@outlook.com,905-481-3325,462 Victoria Turnpike,London,ON,N6M 8C1,East
CUST00685,samuel.potts@hotmail.com,306-216-1348,54384 Tracy Expressway Apt. 344,Ottawa,ON,S5N8B2,East
CUST00686,jeffrey.hayes@gmail.com,204-407-2384,029 Jessica Brook Suite 637,Vancouver,BC,R7B6L6,West
CUST00687,michael.johnson@outlook.com,306-119-7268,5254 Tracy Grove Apt. 715,Markham,ON,A4G 2E3,East
CUST00688,brian.shaw@gmail.com,204-288-8062,29311 Jennifer Street Suite 912,Vancouver,BC,N1E3E4,West
CUST00689,joe.vang@yahoo.com,514-126-6508,11063 Brendan Common,Victoria,BC,N8X4J8,West
CUST00690,nicholas.johnson@icloud.com,604-875-1448,4907 William Common,Dartmouth,NS,J9L 4G2,East
CUST00691,sarah.combs@outlook.com,204-901-1935,25326 Guzman Parkways,Markham,ON,J6S4L9,East
CUST00692,debra.moody@bell.net,403-979-9761,442 Bryan Park,Gatineau,QC,B8S1C2,East
CUST00693,devin.mitchell@hotmail.com,403-266-7247,591 Acosta Island Suite 575,Kelowna,BC,M9V4N4,West
CUST00694,maria.horton@gmail.com,416-387-5495,56775 Ford Mountain,Surrey,BC,G7G1R3,West
CUST00695,dominic.thornton@icloud.com,403-445-7465,2650 Moody Shore Apt. 292,Ottawa,ON,E8A 3R5,East
CUST00696,shane.smith@yahoo.com,403-901-1202,07624 Perez Oval Suite 662,Mississauga,ON,B2P6E8,East
CUST00697,christian.scott@hotmail.com,403-967-3929,38736 Smith Inlet Apt. 549,Hamilton,ON,E5G6X6,East
CUST00698,mary.dunn@yahoo.com,306-137-6877,9710 Wood Gateway,Vancouver,BC,N8K 5N9,West
CUST00699,jessica.rose@gmail.com,416-693-2303,532 Harrington Ports Apt. 993,Kelowna,BC,V6V 9A2,West
CUST00700,daniel.roberts@outlook.com,905-551-3945,95187 Morrison Stream Suite 176,Hamilton,ON,L1G 8P4,East
CUST00701,kevin.williams@gmail.com,306-230-4726,055 Hoffman Tunnel,Markham,ON,N9V4N4,East
CUST00702,robert.bauer@rogers.com,416-338-2875,0388 Wright Lane,Edmonton,AB,A4M3L5,West
CUST00703,stephen.rodriguez@hotmail.com,306-693-6199,61572 Garrett Point,Edmonton,AB,T5N 8E5,West
CUST00704,rebecca.carlson@gmail.com,403-363-1264,974 Brenda Islands,London,ON,E9B 8N6,East
CUST00705,allen.robertson@outlook.com,416-714-4845,6806 Foster Islands,Laval,QC,M9N 1B3,East
CUST00706,john.thomas@outlook.com,905-623-2268,12218 Shelby Freeway Apt. 555,Toronto,ON,S8N 7C9,East
CUST00707,ruben.mendez@outlook.com,204-173-7987,662 Lisa Mission,Mississauga,ON,E4L 1K9,East
CUST00708,john.butler@gmail.com,514-443-7686,37003 Stephanie Ways,Saskatoon,SK,X7N 7N1,Central
CUST00709,elizabeth.miller@yahoo.com,403-736-1510,0681 James Camp Apt. 397,Regina,SK,P9C 3P7,Central
CUST00710,theresa.jones@gmail.com,647-705-1418,80944 Dixon Estate,Toronto,ON,L6N 5J7,East
CUST00711,alicia.romero@icloud.com,514-320-7206,470 Morrison Run,Ottawa,ON,J1H7E2,East
CUST00712,vanessa.spencer@hotmail.com,647-490-2285,94394 Ford Rue,Winnipeg,MB,L1J 5X1,Central
CUST00713,peter.harrison@outlook.com,204-651-2986,53765 Joyce Rapids,Halifax,NS,V5V 4Y2,East
CUST00714,cynthia.zavala@outlook.com,306-424-5410,09004 Kevin Light,Winnipeg,MB,E4B 4P7,Central
CUST00715,jon.smith@gmail.com,604-436-4982,46040 Kevin Greens Suite 310,Hamilton,ON,H2A4E8,East
CUST00716,kristina.cooper@gmail.com,514-866-2890,0971 Jason Locks Suite 007,Laval,QC,T1S1H2,East
CUST00717,jessica.fuller@hotmail.com,204-470-2305,473 Johnson Groves Apt. 370,Gatineau,QC,S4Y 1V5,East
CUST00718,kelsey.moss@gmail.com,514-769-8932,95778 Nathaniel Landing Apt. 556,Hamilton,ON,R6P 5T3,East
CUST00719,marvin.williams@icloud.com,604-683-3052,865 Miller Glen Apt. 557,Lethbridge,AB,Y6H9B3,West
CUST00720,amy.li@icloud.com,204-790-3263,292 Makayla Locks Apt. 618,Halifax,NS,X5E 9A3,East
CUST00721,gregory.maxwell@yahoo.com,905-183-7692,571 Dennis Union,Red Deer,AB,Y7R4X6,West
CUST00722,steven.dominguez@outlook.com,604-284-8439,137 Mary Terrace Apt. 081,Surrey,BC,G4C7M5,West
CUST00723,crystal.cain@yahoo.com,306-860-2654,130 Anthony Crest,Toronto,ON,H5C 8C2,East
CUST00724,bryan.parsons@icloud.com,416-806-3735,6094 Hughes Fords Suite 699,Toronto,ON,B8V6B6,East
CUST00725,stephen.carter@outlook.com,204-532-6805,7681 Barker River,Moncton,NB,V1A8R2,East
CUST00726,bradley.gonzalez@outlook.com,403-221-6518,8113 Shawn Summit Suite 397,London,ON,N8M 4Y7,East
CUST00727,bobby.mahoney@outlook.com,905-839-1741,29087 Wayne Mountain,Regina,SK,R5Y2B9,Central
CUST00728,zachary.hays@bell.net,204-745-8368,74204 Simmons Spur Apt. 137,Mississauga,ON,K3A7R1,East
CUST00729,amy.king@gmail.com,306-816-3205,35973 Stokes Crescent Apt. 222,Gatineau,QC,T7V 1P9,East
CUST00730,karen.lee@gmail.com,416-707-7060,816 Johnson Mews Suite 111,Montreal,QC,P9V4R3,East
CUST00731,michael.norman@yahoo.com,306-280-9334,21923 Keller Plains,Gatineau,QC,Y2L3V7,East
CUST00732,michelle.rivera@bell.net,905-337-5871,033 Kevin Summit,Laval,QC,A9P1B2,East
CUST00733,david.richardson@outlook.com,204-392-6288,804 Luis Gardens Suite 337,Vancouver,BC,V3J7E9,West
CUST00734,pamela.paul@bell.net,416-933-4451,28217 Ashlee Gateway,Surrey,BC,P7K1L7,West
CUST00735,patricia.hughes@outlook.com,514-201-6690,6035 Cole Villages,Burnaby,BC,G7V 3X4,West
CUST00736,terri.crawford@gmail.com,306-549-4664,1690 Jones Corner Apt. 054,Toronto,ON,L5T9N6,East
CUST00737,tyler.glass@bell.net,403-720-2738,8769 Taylor Course Suite 588,Regina,SK,L5L 9L4,Central
CUST00738,april.owen@gmail.com,604-665-9334,3935 Lee Isle Suite 449,Dartmouth,NS,J4G6M9,East
CUST00739,jessica.miller@outlook.com,416-652-9813,79821 Little Ford Suite 275,Montreal,QC,R8V 9L6,East
CUST00740,carrie.short@outlook.com,416-478-4328,9141 Li Lock,Montreal,QC,C8J 8L9,East
CUST00741,amy.morris@yahoo.com,306-633-3067,963 Williams Meadow Suite 917,Hamilton,ON,R3N3E2,East
CUST00742,christopher.guerrero@rogers.com,905-555-8082,01418 Anderson Court Suite 309,Brandon,MB,A5E 5N7,Central
CUST00743,kirk.morrison@rogers.com,403-849-2908,39994 Randall Drive,Vancouver,BC,Y3N 7K4,West
CUST00744,ronald.norris@hotmail.com,604-844-2218,19947 Cody Vista,Moncton,NB,K3K3T4,East
CUST00745,michael.williams@yahoo.com,306-745-9402,03469 Griffin Fort Apt. 167,Hamilton,ON,G1R9R5,East
CUST00746,molly.gomez@hotmail.com,514-139-8100,768 Morris Parks,Montreal,QC,T3J2P7,East
CUST00747,whitney.hill@icloud.com,514-294-1583,3355 Hill Stravenue,London,ON,K1R4V2,East
CUST00748,tina.gould@gmail.com,204-993-4607,069 Ward Brooks Suite 676,Halifax,NS,S4L 5P6,East
CUST00749,charles.walsh@yahoo.com,306-933-4065,2239 Meghan Light Suite 031,Laval,QC,C5Y 2B9,East
CUST00750,michael.owen@gmail.com,905-628-4509,2426 Pitts Ferry Apt. 642,Laval,QC,K3C 5B9,East
CUST00751,erin.cisneros@outlook.com,604-827-3918,2303 Carlos Courts Suite 281,Toronto,ON,Y3P9H3,East
CUST00752,douglas.lawson@gmail.com,204-746-4845,52480 Phillip Expressway,London,ON,V4G 6G5,East
CUST00753,kimberly.johnson@outlook.com,647-998-5916,72132 Carlos Lane Apt. 047,Lethbridge,AB,R7Y9Y8,West
CUST00754,carlos.osborne@hotmail.com,306-915-7425,964 Jackson Walks Suite 203,Brandon,MB,P7M 7E7,Central
CUST00755,michael.reyes@gmail.com,604-215-5706,0573 Jason Trail Apt. 792,Lethbridge,AB,R1K4G8,West
CUST00756,ashley.jacobs@yahoo.com,204-218-3886,6775 Steven Mall Apt. 321,Richmond,BC,P8B7P7,West
CUST00757,erika.rush@hotmail.com,514-813-7522,458 Williams Ways,Burnaby,BC,C4P5N9,West
CUST00758,nathan.hines@icloud.com,306-715-7750,12840 William Roads,Gatineau,QC,A6T8R6,East
CUST00759,audrey.moreno@gmail.com,604-971-7701,5089 Nicole Trace Suite 680,Montreal,QC,G8R 5N3,East
CUST00760,raymond.banks@yahoo.com,514-521-7412,19646 Bobby Hollow,Markham,ON,G4J 7S3,East
CUST00761,john.wilson@yahoo.com,416-374-8954,943 Vickie Estates Apt. 471,Gatineau,QC,T2H 2V8,East
CUST00762,jill.porter@hotmail.com,416-415-8334,574 Welch Islands Apt. 984,Laval,QC,K8A 5S6,East
CUST00763,paul.hoffman@rogers.com,604-898-2807,6094 Rodriguez Drive Apt. 337,Kelowna,BC,E6Y 7X7,West
CUST00764,jose.green@gmail.com,416-839-1345,541 Francisco Orchard Apt. 506,Dartmouth,NS,S8G1S6,East
CUST00765,sean.davies@icloud.com,514-461-2039,43776 Richard Vista Apt. 439,Montreal,QC,N7H 2N2,East
CUST00766,justin.hendricks@yahoo.com,604-260-9776,02867 Sarah Underpass,Edmonton,AB,B3A 1V3,West
CUST00767,travis.martinez@gmail.com,647-482-6431,5910 Patricia Isle Apt. 091,Victoria,BC,A7J 8H2,West
CUST00768,melissa.hayes@hotmail.com,416-136-1328,498 Marie Haven Apt. 179,Kelowna,BC,H8X4E5,West
CUST00769,rachel.wallace@outlook.com,306-143-3571,5277 Lynn Inlet,Montreal,QC,R5S6K4,East
CUST00770,christopher.fleming@gmail.com,604-134-5463,2201 Briana Crest,Toronto,ON,E3T 2G5,East
CUST00771,megan.flores@hotmail.com,647-937-5423,593 Graham Crossing Suite 370,Gatineau,QC,H6R2J1,East
CUST00772,michael.brown@gmail.com,204-120-1241,6277 Bowers Wall,Winnipeg,MB,T7G6N3,Central
CUST00773,amber.vance@gmail.com,204-298-6114,46175 Bobby Dam,Quebec City,QC,X4V 3L7,East
CUST00774,melissa.joseph@outlook.com,416-409-5490,55955 Daniel Trail,Gatineau,QC,J9G 5N9,East
CUST00775,sara.little@gmail.com,306-485-5771,999 Ryan Street Apt. 798,Vancouver,BC,Y5T6B1,West
CUST00776,laura.hicks@bell.net,403-594-5659,176 Sloan Rest Apt. 593,Surrey,BC,L4M5B7,West
CUST00777,david.harris@yahoo.com,306-845-7449,83037 Randy Meadows Apt. 148,Saskatoon,SK,A1X8M4,Central
CUST00778,dominic.tyler@yahoo.com,416-506-4802,36852 Alexis Meadow Apt. 537,Halifax,NS,E3G 5L5,East
CUST00779,anthony.spencer@outlook.com,403-440-3355,63251 Collins Plains Apt. 121,Richmond,BC,K3C 2L8,West
CUST00780,miguel.lara@gmail.com,647-312-9025,88781 Contreras Harbors Apt. 515,Montreal,QC,R5J 1Y2,East
CUST00781,andrea.salazar@gmail.com,306-635-4808,25288 Timothy Throughway,Calgary,AB,A7N2R9,West
CUST00782,christopher.parker@gmail.com,403-858-6535,23979 Theresa Summit Apt. 787,Brampton,ON,N1P1J8,East
CUST00783,yvonne.higgins@yahoo.com,204-992-1091,95055 Brady Avenue,Winnipeg,MB,T2C9G9,Central
CUST00784,alicia.hammond@icloud.com,306-658-9188,277 Wilson Valleys,Ottawa,ON,N9K 7M5,East
CUST00785,madeline.jones@gmail.com,306-825-8913,04246 Juan Vista,London,ON,C2X8P5,East
CUST00786,teresa.day@shaw.ca,905-207-7974,0045 Jennifer Ways Apt. 899,Victoria,BC,P5E 6E6,West
CUST00787,shannon.frazier@gmail.com,416-265-9518,93913 Joshua Ville,Gatineau,QC,Y9Y 5M2,East
CUST00788,melvin.humphrey@gmail.com,905-139-7949,46154 Derrick Court Apt. 170,Quebec City,QC,P2R5Y3,East
CUST00789,kimberly.bowman@icloud.com,306-243-9963,52291 Thomas Stream,Victoria,BC,H7X 1K9,West
CUST00790,hunter.burch@gmail.com,204-401-5441,378 Brian Forest Suite 384,Vancouver,BC,G5R5S4,West
CUST00791,ryan.bartlett@rogers.com,647-244-5754,649 Smith Crescent,Kelowna,BC,J3L2G4,West
CUST00792,brian.martinez@icloud.com,514-631-5116,033 Jessica Spur,Surrey,BC,G2J1L4,West
CUST00793,eric.martin@bell.net,647-268-9591,061 Clark Divide,Surrey,BC,E7P 7N9,West
CUST00794,marcus.fletcher@gmail.com,204-283-3463,3236 Lopez Shores Apt. 774,Gatineau,QC,B7L8A3,East
CUST00795,michael.everett@yahoo.com,604-304-2537,78436 Nicole Divide,Vancouver,BC,L1H8S9,West
CUST00796,patty.singleton@gmail.com,306-708-3563,754 Shannon Spurs,Burnaby,BC,V3R8L4,West
CUST00797,john.reid@outlook.com,604-453-1231,03763 Daniel Stravenue Suite 841,London,ON,X1M2R2,East
CUST00798,andrea.martinez@gmail.com,204-698-6009,4389 Courtney Pines,Dartmouth,NS,G9A 7N6,East
CUST00799,kevin.ferguson@yahoo.com,403-674-9864,3214 King Unions,Markham,ON,J2R7P8,East
CUST00800,wayne.jackson@gmail.com,647-205-4546,50557 Amanda Park,Edmonton,AB,S2Y 2A3,West
CUST00801,shelly.moore@outlook.com,647-916-9557,0376 Curtis Plaza,Mississauga,ON,G4K6J2,East
CUST00802,donna.le@yahoo.com,403-926-8756,0961 Day Mission,Lethbridge,AB,C2N 2K5,West
CUST00803,cassie.kirby@icloud.com,604-193-3400,74820 Montoya Forge,Toronto,ON,N9E4C5,East
CUST00804,anne.bryan@rogers.com,514-179-1855,5578 Anthony Court,Brampton,ON,L3J 4H1,East
CUST00805,anthony.williams@yahoo.com,306-434-5957,33247 Dorothy Fork,Markham,ON,B6E 5J7,East
CUST00806,darlene.ray@gmail.com,204-486-7316,127 Smith Landing,Vancouver,BC,Y2H 2S3,West
CUST00807,debra.wang@yahoo.com,514-643-2281,26163 Joseph Pike,Laval,QC,T4H8Y7,East
CUST00808,robert.fowler@bell.net,403-828-3341,745 Obrien Street,Saskatoon,SK,J7R 9M8,Central
CUST00809,tyler.burton@outlook.com,403-801-2970,120 Jillian Place,Brandon,MB,Y3V 1R9,Central
CUST00810,keith.frye@hotmail.com,647-125-6991,323 William Rest,Lethbridge,AB,K2Y 6Y9,West
CUST00811,timothy.ballard@hotmail.com,604-731-4129,4582 Bradley Overpass,Brandon,MB,G9K 3C8,Central
CUST00812,gail.evans@bell.net,416-300-8243,8157 Erin Vista,Surrey,BC,A1B1A1,West
CUST00813,charles.brown@gmail.com,403-436-2541,2911 Timothy Valley,Ottawa,ON,T1Y 1P3,East
CUST00814,scott.washington@outlook.com,416-721-5473,6184 Green Corner Apt. 998,Regina,SK,M2V3X3,Central
CUST00815,james.lawson@hotmail.com,204-144-5145,905 Harrison Parkways Suite 700,Mississauga,ON,A7L 6K6,East
CUST00816,larry.higgins@shaw.ca,416-983-8713,8482 Gray Crossing,Toronto,ON,S9G 4L6,East
CUST00817,jessica.valencia@yahoo.com,647-584-9938,054 Kristen Lane Apt. 807,Saint John,NB,S7J 9K8,East
CUST00818,theresa.anderson@yahoo.com,647-822-3898,98221 Joseph Causeway Apt. 648,Montreal,QC,Y5X 5A3,East
CUST00819,mitchell.hoffman@gmail.com,905-157-8264,3836 Allison Circles Suite 432,Saskatoon,SK,G3R 9M5,Central
CUST00820,luis.owens@yahoo.com,403-973-4181,2036 Micheal Stream Suite 314,Calgary,AB,C7T5B7,West
CUST00821,joseph.wright@yahoo.com,514-826-3772,5402 Kramer Stravenue,Calgary,AB,N5Y4H1,West
CUST00822,colin.roberts@outlook.com,204-526-2007,6464 Palmer Via,Regina,SK,K4E 9P9,Central
CUST00823,patrick.gilbert@icloud.com,647-846-5368,5279 Emily Junctions,Markham,ON,M4B 4M4,East
CUST00824,john.grimes@gmail.com,604-805-9281,3849 Stephenson Crossing,Brampton,ON,K2G2E8,East
CUST00825,erik.murphy@hotmail.com,416-418-5485,180 John Course Apt. 732,Victoria,BC,N7K1B2,West
CUST00826,becky.edwards@yahoo.com,905-679-8585,875 Davis Parkway,Calgary,AB,Y1X3A4,West
CUST00827,kathryn.jimenez@gmail.com,905-290-6201,91561 Mary Pine,Toronto,ON,K8R 8N5,East
CUST00828,xavier.jimenez@icloud.com,416-322-7136,160 Peter Ridge Suite 201,Calgary,AB,C5E2X9,West
CUST00829,kyle.johnson@bell.net,403-957-4130,36875 Brenda Throughway Suite 322,Victoria,BC,X4G 8C5,West
CUST00830,sierra.wagner@yahoo.com,204-822-5703,6114 Heather Walks Suite 288,Quebec City,QC,B6P4A8,East
CUST00831,tammy.lewis@outlook.com,204-331-4084,6081 Julie Meadow Apt. 030,Ottawa,ON,P2R 1R7,East
CUST00832,michael.williams@gmail.com,403-365-8202,715 Cory Extensions,Ottawa,ON,L1N 7P9,East
CUST00833,troy.khan@yahoo.com,514-457-9569,9177 Hines Row,Brampton,ON,J5X 1L2,East
CUST00834,destiny.ruiz@hotmail.com,647-137-7318,8087 Matthew Freeway,Victoria,BC,Y7X1G4,West
CUST00835,amanda.boone@gmail.com,204-455-5729,591 Curtis Land,Hamilton,ON,A6B2X5,East
CUST00836,ryan.khan@bell.net,403-192-9409,207 Aguilar Expressway Suite 999,London,ON,R8M2Y9,East
CUST00837,jessica.gallagher@gmail.com,403-132-2889,85969 Dylan Port Apt. 408,Laval,QC,J2H3J4,East
CUST00838,michael.morales@gmail.com,647-578-6291,66980 Dean Brooks Suite 261,Victoria,BC,S3A4T5,West
CUST00839,ashley.lee@hotmail.com,416-430-2713,935 Santos Pike,Brampton,ON,Y1A 6M7,East
CUST00840,angela.jones@gmail.com,306-442-6516,99650 Richard Track,Calgary,AB,Y5G2S9,West
CUST00841,william.duran@gmail.com,514-413-3666,656 Sandra Forge Apt. 876,Calgary,AB,G6J 6X2,West
CUST00842,joshua.hays@icloud.com,306-928-8478,46823 Atkinson Groves Apt. 027,Surrey,BC,A7A 7X7,West
CUST00843,erin.wilson@hotmail.com,306-954-4990,16831 Elizabeth Via,Lethbridge,AB,A7B9C1,West
CUST00844,theresa.long@outlook.com,306-794-7572,49150 Russell Fall Apt. 976,Mississauga,ON,B5P 5K1,East
CUST00845,laura.morgan@icloud.com,905-531-7977,7946 Brian Mission Apt. 662,Ottawa,ON,P2A 8Y8,East
CUST00846,sheila.fischer@outlook.com,647-624-3726,29914 Ray Pine Suite 133,Gatineau,QC,T3K 6C6,East
CUST00847,james.hicks@bell.net,647-233-6458,56178 Steven Ford,Halifax,NS,E1C 7H2,East
CUST00848,vincent.williams@shaw.ca,403-911-3317,3852 Simpson Ports,Montreal,QC,R4E8J2,East
CUST00849,derrick.cook@yahoo.com,306-100-3416,4902 Williams Way Suite 480,Gatineau,QC,S1L 4M8,East
CUST00850,thomas.bryant@yahoo.com,905-289-4869,416 Ferguson Divide,Ottawa,ON,V3X2H1,East
CUST00851,catherine.robertson@gmail.com,604-257-7131,179 Curtis Fields,Brandon,MB,X9S6H8,Central
CUST00852,mark.austin@yahoo.com,306-663-7456,63831 Amy Island Suite 053,Ottawa,ON,A7V7Y2,East
CUST00853,francisco.ewing@hotmail.com,306-823-4977,0673 Holmes Valley Apt. 050,Gatineau,QC,Y3G3C4,East
CUST00854,jodi.evans@yahoo.com,514-881-3187,2165 Kimberly Plains Suite 146,Montreal,QC,C2X 3H6,East
CUST00855,matthew.clayton@rogers.com,204-711-7452,9089 Young Road Suite 802,Burnaby,BC,B4N 9B7,West
CUST00856,amanda.erickson@outlook.com,416-327-3918,424 Mathis Ridge Apt. 145,Burnaby,BC,Y1X8T2,West
CUST00857,kevin.cabrera@yahoo.com,416-725-7523,38676 Gonzalez Trafficway Apt. 097,Laval,QC,R8C8C9,East
CUST00858,micheal.nunez@gmail.com,604-145-4460,8299 Wagner Stravenue Apt. 258,Saskatoon,SK,V6B 9Y1,Central
CUST00859,tina.silva@yahoo.com,647-535-3469,235 Heather Burgs Suite 669,Toronto,ON,T2B3A5,East
CUST00860,laura.swanson@hotmail.com,306-135-5276,554 White Pine,Brampton,ON,T3R6J5,East
CUST00861,hailey.johnson@gmail.com,204-798-9476,328 Clarke Village,Dartmouth,NS,J6Y 7E3,East
CUST00862,thomas.coffey@icloud.com,514-802-2661,52857 Robin Junctions Suite 292,Brandon,MB,K9K6N2,Central
CUST00863,krista.parsons@icloud.com,416-264-6226,186 Diaz Rue,Lethbridge,AB,X9L6R1,West
CUST00864,becky.griffith@yahoo.com,306-111-8964,4430 Kristopher Road Apt. 891,Hamilton,ON,V1V 4H9,East
CUST00865,brandy.jackson@yahoo.com,416-410-7962,340 Mary Fords Suite 415,Lethbridge,AB,T6E4N2,West
CUST00866,cristina.harvey@gmail.com,306-614-7108,259 Lisa Mountains,London,ON,K6S 1T1,East
CUST00867,maureen.hernandez@icloud.com,514-214-3930,14105 Stephen Ridges Apt. 987,Laval,QC,G5V 6A3,East
CUST00868,erin.johnson@icloud.com,905-253-1113,885 Martin Dam,Saint John,NB,Y1S6S9,East
CUST00869,stacy.rodriguez@outlook.com,604-627-8454,8744 Devon Squares Suite 854,London,ON,S5P3N9,East
CUST00870,andrew.edwards@gmail.com,905-988-9021,9116 Johnson Vista,Richmond,BC,B5B 6G4,West
CUST00871,edward.vaughn@rogers.com,514-358-7974,32155 Jared Islands,Vancouver,BC,V4B7X9,West
CUST00872,robert.hampton@icloud.com,416-655-5378,144 Rosales Pine,Mississauga,ON,R8V4G7,East
CUST00873,samantha.salas@yahoo.com,306-432-5877,746 Julie Curve Suite 825,Mississauga,ON,J4C3X9,East
CUST00874,jill.brown@yahoo.com,416-644-7491,231 James Divide,Calgary,AB,M7C 1B2,West
CUST00875,devin.clark@outlook.com,647-844-3369,4723 Cooper Place,Toronto,ON,V2R 8X3,East
CUST00876,mark.bates@rogers.com,514-569-4999,7754 Hart Grove,Lethbridge,AB,G1R6G3,West
CUST00877,alicia.edwards@gmail.com,514-481-1627,768 Jessica Lock,Regina,SK,Y2H 8T3,Central
CUST00878,glen.barr@hotmail.com,905-491-9398,3373 Sue Burgs,London,ON,H4H7G3,East
CUST00879,matthew.gomez@yahoo.com,403-532-7565,659 Danielle Freeway,Moncton,NB,K6H 4N9,East
CUST00880,kelsey.le@gmail.com,905-956-8101,8446 Tracy Rue,London,ON,V7K5H4,East
CUST00881,dawn.steele@outlook.com,403-730-9422,544 Carr Stream,Moncton,NB,H1T 3T3,East
CUST00882,chelsea.lee@hotmail.com,416-483-8748,20539 Wolf Parks Apt. 375,Surrey,BC,Y3X 3K1,West
CUST00883,john.grant@gmail.com,647-383-9217,56083 Benjamin Cape,Brampton,ON,Y9V9T9,East
CUST00884,jeffrey.dudley@rogers.com,403-379-1082,3585 Joel Place Suite 003,Gatineau,QC,L7M 2K6,East
CUST00885,kenneth.roberts@icloud.com,647-381-5375,1523 Andrew Drive,Vancouver,BC,P5A 4C8,West
CUST00886,jared.bush@yahoo.com,604-330-1296,830 Rhonda Ports Suite 713,Victoria,BC,C7E1G3,West
CUST00887,logan.bailey@gmail.com,403-845-8547,32176 Goodwin Dam,Quebec City,QC,E2C 7E7,East
CUST00888,sarah.pope@outlook.com,306-671-1205,20190 Taylor Junctions,Red Deer,AB,K1J5J4,West
CUST00889,joshua.martinez@yahoo.com,306-255-8568,5380 Stanley Wells Suite 812,Mississauga,ON,H5E1C9,East
CUST00890,erica.james@gmail.com,647-789-7390,825 Barbara Islands Apt. 294,Brandon,MB,G6A6J7,Central
CUST00891,tina.cardenas@hotmail.com,905-746-8971,039 Anderson Square,Toronto,ON,A8E2K3,East
CUST00892,stephanie.ballard@gmail.com,514-411-5781,65858 Hughes Track Apt. 304,Red Deer,AB,G8A 1G7,West
CUST00893,kelly.roberts@hotmail.com,416-259-3731,9273 Ramirez Expressway,Gatineau,QC,T7C 1S7,East
CUST00894,jennifer.reed@yahoo.com,416-869-5651,24815 Green Way,Lethbridge,AB,A1K 4M1,West
CUST00895,scott.scott@shaw.ca,204-650-3157,95679 Richardson Turnpike,Lethbridge,AB,C6P6T5,West
CUST00896,timothy.harris@gmail.com,204-323-4462,34712 Murray Alley Apt. 080,Markham,ON,X4E 1B7,East
CUST00897,amanda.fitzpatrick@gmail.com,647-885-7571,76417 Rodney Canyon,Saint John,NB,X8E 2P3,East
CUST00898,heather.taylor@icloud.com,204-713-5569,150 Miller Pass,Red Deer,AB,S4T 1E8,West
CUST00899,christina.matthews@hotmail.com,514-614-9775,1045 Vasquez Flats,Mississauga,ON,H1E1J7,East
CUST00900,john.santiago@rogers.com,306-874-8600,8857 Warner Ranch,Surrey,BC,V2A9J1,West
CUST00901,amanda.little@gmail.com,647-509-5725,39627 Massey Lock Suite 215,Brampton,ON,X8K 1G1,East
CUST00902,brian.gutierrez@yahoo.com,306-771-3822,6661 Hanna Road,Markham,ON,C8E 8B8,East
CUST00903,jennifer.garcia@yahoo.com,204-528-7722,0049 Amy Plaza,Montreal,QC,L4A 2N6,East
CUST00904,kelli.smith@outlook.com,647-724-9247,49980 Lucas Rapid,Toronto,ON,R4X2V4,East
CUST00905,andrea.hickman@outlook.com,204-123-6325,716 Morrison Summit Suite 166,Saint John,NB,G5J 1V8,East
CUST00906,richard.donovan@outlook.com,306-800-2490,433 Kathleen Mews Apt. 389,Edmonton,AB,E2T5A3,West
CUST00907,natalie.woods@hotmail.com,204-665-9377,203 Williams Mount Apt. 116,Halifax,NS,H2A 9L2,East
CUST00908,james.maynard@yahoo.com,604-279-8736,9989 Lester Creek,Winnipeg,MB,T9A 5Y9,Central
CUST00909,manuel.brewer@yahoo.com,403-166-1506,86448 Eugene Crest,Halifax,NS,P4X8X9,East
CUST00910,rebecca.davis@yahoo.com,306-347-3897,0820 Jordan Cape Suite 757,Brampton,ON,H2J 5R7,East
CUST00911,audrey.nichols@hotmail.com,514-993-3609,128 Craig Ramp,Saint John,NB,H9S3Y8,East
CUST00912,jennifer.zuniga@bell.net,416-866-1529,704 Brianna Forks Apt. 419,London,ON,E1P8S9,East
CUST00913,robin.thompson@rogers.com,306-982-7313,74883 Sharp Knoll,Gatineau,QC,T5R 1H7,East
CUST00914,nicole.thompson@bell.net,905-832-9751,668 Jennifer Ridge Suite 047,Brampton,ON,G1C3T9,East
CUST00915,samantha.osborn@outlook.com,416-399-7527,62259 Margaret Lodge Suite 882,Gatineau,QC,X9K 7L9,East
CUST00916,randy.simpson@yahoo.com,306-538-3032,062 Foster Drive,Winnipeg,MB,C2S2A5,Central
CUST00917,sharon.hayden@gmail.com,905-839-3768,19359 Yolanda Well,Markham,ON,S4E 8K7,East
CUST00918,sara.mcdowell@yahoo.com,604-914-8906,2304 Hawkins Court,London,ON,N6A5H5,East
CUST00919,albert.bradley@yahoo.com,905-569-9053,41916 Santos Well Apt. 440,Toronto,ON,R8C2V9,East
CUST00920,daniel.bird@yahoo.com,306-438-8378,498 Amy Stream,Laval,QC,R3T 2Y5,East
CUST00921,justin.hays@outlook.com,647-251-9548,4681 Mary Road,Laval,QC,R9R 7L9,East
CUST00922,amy.snyder@rogers.com,514-830-5771,969 Collins Parkways,Ottawa,ON,M6C5N6,East
CUST00923,sheena.rosales@gmail.com,403-586-8206,19292 Megan Tunnel,London,ON,P1K6R2,East
CUST00924,taylor.lee@hotmail.com,647-250-5789,1603 Clark Island,Quebec City,QC,S9G 5E6,East
CUST00925,daniel.martin@hotmail.com,416-971-4467,067 Brandon Ranch Suite 248,Brandon,MB,H7B7M5,Central
CUST00926,stephen.scott@outlook.com,403-472-9332,7605 Baker Bridge Suite 565,Edmonton,AB,T1N8Y5,West
CUST00927,jacob.doyle@yahoo.com,647-452-3553,38906 John Tunnel Suite 466,Gatineau,QC,H5S 1N2,East
CUST00928,krystal.bradley@outlook.com,204-986-8950,599 Perez Center Apt. 622,Red Deer,AB,H3G 8M7,West
CUST00929,katherine.thompson@gmail.com,204-114-2060,746 Kathryn Ridge Apt. 601,Lethbridge,AB,H2L 6E9,West
CUST00930,melissa.prince@gmail.com,647-384-2959,860 Kathleen Plain Apt. 179,Mississauga,ON,V3V4Y2,East
CUST00931,margaret.robertson@outlook.com,416-960-9587,957 Sarah Groves,Red Deer,AB,G3S7L2,West
CUST00932,christopher.caldwell@yahoo.com,416-508-2619,120 Allison Forks,Saskatoon,SK,N6K7S9,Central
CUST00933,jack.taylor@gmail.com,905-917-1917,8525 Gould Extensions,Halifax,NS,G4E9Y6,East
CUST00934,marcus.wright@gmail.com,403-916-3993,4006 Torres Land Suite 752,Kelowna,BC,C4E 3G8,West
CUST00935,jose.young@gmail.com,306-281-1659,979 Shannon Trail Suite 334,Quebec City,QC,V4H 9A9,East
CUST00936,karen.finley@outlook.com,905-860-4113,217 Klein Shoal Apt. 196,Fredericton,NB,B4L 1N7,East
CUST00937,kevin.sharp@rogers.com,647-635-5960,8824 Mark Forks,Montreal,QC,A9B2E7,East
CUST00938,alexander.valdez@gmail.com,306-575-2610,8481 Reed Extensions Suite 445,Ottawa,ON,L9S4B9,East
CUST00939,heather.brown@yahoo.com,905-301-8836,179 Shannon Tunnel Apt. 053,Vancouver,BC,G9Y 9T5,West
CUST00940,david.parker@yahoo.com,905-655-4522,996 Nicole Track Apt. 457,Toronto,ON,V8E 3L5,East
CUST00941,richard.shaw@outlook.com,204-981-2827,01986 Thompson Curve Apt. 839,Red Deer,AB,H4X2K3,West
CUST00942,paula.padilla@icloud.com,604-703-8475,870 Mora Estate,Gatineau,QC,H1X 9X4,East
CUST00943,larry.wilson@icloud.com,403-604-3892,10102 Gregory Alley,Fredericton,NB,C8X 7R7,East
CUST00944,sabrina.phillips@outlook.com,403-370-9719,08987 Martinez Plaza,Brampton,ON,M7J 2P5,East
CUST00945,christina.robinson@hotmail.com,403-740-8209,384 Santos Row,Mississauga,ON,X5B 7V9,East
CUST00946,dennis.hernandez@bell.net,306-106-6229,54695 Austin Flat,Markham,ON,T1R 6H5,East
CUST00947,julie.obrien@outlook.com,647-167-8078,967 Mark Spurs Apt. 666,Regina,SK,L1C7C6,Central
CUST00948,robert.dunn@bell.net,306-450-9824,13407 Garcia Ridges Suite 970,Montreal,QC,P7Y 7J9,East
CUST00949,thomas.medina@icloud.com,604-318-6033,8268 Moore Rest,Winnipeg,MB,A9X7K9,Central
CUST00950,elizabeth.robinson@icloud.com,306-205-5916,8791 Johnson Unions,Burnaby,BC,H2P8T7,West
CUST00951,john.fischer@outlook.com,647-431-3562,932 Sherry Curve,Halifax,NS,P9T3X7,East
CUST00952,morgan.miller@icloud.com,647-724-3574,1809 Michael Cliffs,Brampton,ON,P6N2X8,East
CUST00953,sean.padilla@shaw.ca,204-898-5413,4127 Cruz Ferry Apt. 188,Hamilton,ON,L3C 7R5,East
CUST00954,christian.elliott@yahoo.com,403-479-3375,29758 Shannon Valleys,Mississauga,ON,P2L9G6,East
CUST00955,bryan.kelley@yahoo.com,514-560-6046,7056 Aaron Ports Apt. 257,London,ON,A7B 4C6,East
CUST00956,william.armstrong@icloud.com,416-880-7620,0723 Joshua Way Suite 282,Richmond,BC,L2A8B9,West
CUST00957,edward.murphy@yahoo.com,647-567-5492,47312 Jones Plains,Brampton,ON,A1V6C9,East
CUST00958,abigail.wilson@gmail.com,403-401-7119,19509 Megan Valley,London,ON,C7N 2H1,East
CUST00959,jamie.aguilar@icloud.com,514-671-4267,70923 Antonio Cliffs Suite 950,Brampton,ON,V9L 5C9,East
CUST00960,christopher.dixon@rogers.com,905-176-4983,432 Gutierrez Point Apt. 652,Gatineau,QC,L7V2E9,East
CUST00961,lindsey.chavez@yahoo.com,306-147-7390,3481 Rachel Stream,London,ON,B1L 3N6,East
CUST00962,william.bryant@gmail.com,204-160-2661,21743 Kim Pine Apt. 526,Gatineau,QC,R7L 1Y7,East
CUST00963,brian.ford@gmail.com,514-548-5656,98344 Amy Fall Suite 364,Mississauga,ON,G6Y6B1,East
CUST00964,lindsay.cummings@rogers.com,905-432-7779,4065 Harvey Knoll Apt. 562,Ottawa,ON,H9A 6B6,East
CUST00965,randy.velasquez@outlook.com,604-675-2441,74091 Cory Corner,Winnipeg,MB,T2X 1R3,Central
CUST00966,julie.lane@outlook.com,403-670-9700,7602 Cynthia Lodge Suite 354,Burnaby,BC,H3A 3C8,West
CUST00967,brandon.cooper@gmail.com,905-991-6143,500 Michelle Trace Apt. 151,Montreal,QC,J5H8P6,East
CUST00968,bryce.mcknight@rogers.com,306-865-4519,4071 Padilla Vista,Dartmouth,NS,T6Y 6B1,East
CUST00969,sarah.jones@gmail.com,514-441-4260,100 Roberts Springs,Brampton,ON,M2A 1J5,East
CUST00970,sarah.johnson@gmail.com,416-243-2952,03608 Brown Plains Suite 913,Laval,QC,H6Y4P6,East
CUST00971,robert.mack@yahoo.com,306-917-1786,05610 Rick Oval Apt. 069,Lethbridge,AB,Y9B7C8,West
CUST00972,katie.good@rogers.com,514-116-8163,0378 Benson Crossroad Apt. 394,Winnipeg,MB,P1K7A8,Central
CUST00973,debbie.fisher@rogers.com,514-909-9827,2550 Ethan Keys Apt. 173,Saint John,NB,N7L3G5,East
CUST00974,victoria.reyes@yahoo.com,905-852-2237,8429 Courtney Shore,Kelowna,BC,K6K 2M2,West
CUST00975,molly.knox@outlook.com,905-687-8675,090 Combs Cape,Calgary,AB,K9A7Y9,West
CUST00976,nicholas.vega@icloud.com,204-937-5536,02116 Wallace Underpass Apt. 904,Edmonton,AB,T9N8Y6,West
CUST00977,dorothy.ryan@gmail.com,514-174-3976,29964 Randall Fort,Victoria,BC,S3H 8A6,West
CUST00978,desiree.bailey@yahoo.com,204-121-7577,214 Lucero Burg Apt. 071,Red Deer,AB,P9H 1K3,West
CUST00979,gregory.medina@outlook.com,204-119-1139,2192 Michael Pine,Calgary,AB,X6V 2A7,West
CUST00980,allison.luna@gmail.com,604-698-6351,86385 Pierce Common,Brampton,ON,T2V7H9,East
CUST00981,jeffrey.smith@hotmail.com,514-832-3500,053 Nichols Valley,Victoria,BC,C3Y 9R8,West
CUST00982,andrew.evans@gmail.com,647-203-1429,454 Diane Passage,Ottawa,ON,H1V 1H3,East
CUST00983,emily.stephens@icloud.com,514-170-6365,482 Derek Drives,Vancouver,BC,L5C 8L5,West
CUST00984,amanda.morrow@hotmail.com,604-410-3675,281 Robert Lake,Saskatoon,SK,A3G 1A4,Central
CUST00985,john.reed@gmail.com,604-890-6821,2322 Jimenez Vista,Burnaby,BC,E4K 1P3,West
CUST00986,joshua.pineda@gmail.com,204-126-8273,5064 Gonzalez Springs,Brampton,ON,P8K 8T6,East
CUST00987,jessica.rodriguez@yahoo.com,306-549-7540,198 David Cliffs Apt. 291,Winnipeg,MB,C7V1M3,Central
CUST00988,lisa.barnes@yahoo.com,905-195-3868,04384 Christine Lock,Markham,ON,G2C 7J8,East
CUST00989,katie.stephenson@hotmail.com,905-266-4434,056 Novak Mall,Kelowna,BC,T4B7R3,West
CUST00990,alexis.harris@hotmail.com,514-867-6191,865 Brown Prairie,Brampton,ON,L8M7B7,East
CUST00991,craig.johnson@shaw.ca,514-589-5182,493 Ashley Key,Surrey,BC,M8R 4H3,West
CUST00992,carla.warner@gmail.com,204-922-7881,2611 Schmitt Glens,Richmond,BC,S9G 6N5,West
CUST00993,brandon.yang@yahoo.com,403-956-2069,88087 Jodi Lodge,Vancouver,BC,K7M 5C4,West
CUST00994,richard.young@yahoo.com,905-766-7384,532 Valentine Ferry,Victoria,BC,B4P4Y4,West
CUST00995,jeff.shields@bell.net,403-847-6296,03115 Sullivan Landing Suite 576,Saskatoon,SK,V7N5T6,Central
CUST00996,brian.gordon@gmail.com,416-231-9497,3659 Ritter Groves,Markham,ON,R2X7R4,East
CUST00997,keith.cabrera@yahoo.com,416-162-4437,12545 Amanda Branch Suite 948,London,ON,N3H 6R6,East
CUST00998,jessica.flores@yahoo.com,204-943-3580,4721 Alexander Ways Suite 235,Brandon,MB,L2H 5R1,Central
CUST00999,carla.chambers@bell.net,647-859-3975,893 Laura Estate Suite 145,Surrey,BC,J7B4T8,West
CUST01000,malik.turner@icloud.com,416-609-4343,00817 Gillespie Divide,Toronto,ON,C8P 2Y9,East
