account_id,customer_id,payment_type,card_tier,rewards_rate,credit_limit,account_open_date,account_status
ACC00001,CUST00001,Mastercard,Standard,0.029,10000,2022-06-27,Active
ACC00002,CUST00002,Mastercard,Platinum,0.02,15000,2019-03-12,Active
ACC00003,CUST00003,Visa,N/A,0.0,0,2019-10-23,Inactive
ACC00004,CUST00004,Debit,N/A,0.0,0,2019-04-06,Active
ACC00005,CUST00005,Mastercard,Platinum,0.032,7500,2019-11-20,Active
ACC00006,CUST00006,Mastercard,Standard,0.017,15000,2019-05-16,Active
ACC00007,CUST00007,Mastercard,Gold,0.04,20000,2021-06-20,Active
ACC00008,CUST00008,Mastercard,Gold,0.029,10000,2021-09-02,Active
ACC00009,CUST00009,Mastercard,World Elite,0.014,25000,2022-01-10,Active
ACC00010,CUST00010,Visa,N/A,0.0,0,2022-06-10,Active
ACC00011,CUST00011,Debit,N/A,0.0,0,2019-07-17,Active
ACC00012,CUST00012,Cash,N/A,0.0,0,2023-03-14,Inactive
ACC00013,CUST00013,Mastercard,Gold,0.014,20000,2019-09-23,Inactive
ACC00014,CUST00014,Mastercard,Standard,0.03,25000,2019-07-14,Active
ACC00015,CUST00015,Visa,N/A,0.0,0,2020-08-01,Inactive
ACC00016,CUST00016,Mastercard,Standard,0.017,7500,2023-02-04,Active
ACC00017,CUST00017,Visa,N/A,0.0,0,2020-11-04,Active
ACC00018,CUST00018,Visa,N/A,0.0,0,2021-08-04,Active
ACC00019,CUST00019,Mastercard,Gold,0.027,10000,2023-04-06,Inactive
ACC00020,CUST00020,Mastercard,Standard,0.021,7500,2022-04-01,Active
ACC00021,CUST00021,Cash,N/A,0.0,0,2023-10-09,Active
ACC00022,CUST00022,Debit,N/A,0.0,0,2024-01-30,Active
ACC00023,CUST00023,Visa,N/A,0.0,0,2022-07-18,Active
ACC00024,CUST00024,Cash,N/A,0.0,0,2020-02-10,Suspended
ACC00025,CUST00025,Mastercard,Standard,0.029,7500,2019-11-28,Active
ACC00026,CUST00026,Visa,N/A,0.0,0,2019-01-24,Active
ACC00027,CUST00027,Debit,N/A,0.0,0,2021-09-17,Inactive
ACC00028,CUST00028,Visa,N/A,0.0,0,2020-01-20,Active
ACC00029,CUST00029,Mastercard,Platinum,0.027,15000,2020-03-15,Active
ACC00030,CUST00030,Mastercard,Standard,0.023,25000,2020-07-26,Active
ACC00031,CUST00031,Debit,N/A,0.0,0,2021-11-19,Inactive
ACC00032,CUST00032,Mastercard,Standard,0.037,10000,2020-11-29,Inactive
ACC00033,CUST00033,Mastercard,Gold,0.026,25000,2019-07-17,Active
ACC00034,CUST00034,Mastercard,Standard,0.026,5000,2023-05-21,Active
ACC00035,CUST00035,Mastercard,Gold,0.039,7500,2019-07-13,Active
ACC00036,CUST00036,Mastercard,Gold,0.013,20000,2022-12-30,Active
ACC00037,CUST00037,Visa,N/A,0.0,0,2023-11-24,Active
ACC00038,CUST00038,Debit,N/A,0.0,0,2021-07-15,Active
ACC00039,CUST00039,Cash,N/A,0.0,0,2019-06-19,Suspended
ACC00040,CUST00040,Visa,N/A,0.0,0,2021-10-30,Active
ACC00041,CUST00041,Mastercard,Platinum,0.037,20000,2020-02-04,Active
ACC00042,CUST00042,Debit,N/A,0.0,0,2022-10-25,Active
ACC00043,CUST00043,Mastercard,Standard,0.032,10000,2021-12-12,Active
ACC00044,CUST00044,Visa,N/A,0.0,0,2019-11-07,Active
ACC00045,CUST00045,Mastercard,Gold,0.011,20000,2021-01-12,Active
ACC00046,CUST00046,Debit,N/A,0.0,0,2022-11-21,Inactive
ACC00047,CUST00047,Mastercard,Gold,0.021,5000,2022-10-25,Active
ACC00048,CUST00048,Cash,N/A,0.0,0,2022-07-23,Inactive
ACC00049,CUST00049,Debit,N/A,0.0,0,2020-04-08,Inactive
ACC00050,CUST00050,Mastercard,Platinum,0.015,20000,2021-05-18,Inactive
ACC00051,CUST00051,Cash,N/A,0.0,0,2020-07-24,Active
ACC00052,CUST00052,Cash,N/A,0.0,0,2021-03-31,Active
ACC00053,CUST00053,Debit,N/A,0.0,0,2024-01-20,Active
ACC00054,CUST00054,Debit,N/A,0.0,0,2021-05-12,Inactive
ACC00055,CUST00055,Mastercard,Gold,0.014,10000,2019-01-01,Active
ACC00056,CUST00056,Visa,N/A,0.0,0,2022-12-21,Active
ACC00057,CUST00057,Cash,N/A,0.0,0,2020-09-30,Active
ACC00058,CUST00058,Mastercard,Platinum,0.028,5000,2019-05-02,Active
ACC00059,CUST00059,Cash,N/A,0.0,0,2019-10-15,Active
ACC00060,CUST00060,Mastercard,Platinum,0.033,7500,2021-03-12,Active
ACC00061,CUST00061,Visa,N/A,0.0,0,2022-08-16,Active
ACC00062,CUST00062,Mastercard,Gold,0.017,10000,2019-05-25,Active
ACC00063,CUST00063,Mastercard,World Elite,0.014,15000,2019-09-10,Active
ACC00064,CUST00064,Mastercard,Gold,0.03,7500,2021-06-27,Active
ACC00065,CUST00065,Mastercard,Standard,0.02,25000,2019-08-29,Active
ACC00066,CUST00066,Debit,N/A,0.0,0,2021-12-09,Active
ACC00067,CUST00067,Mastercard,Gold,0.024,25000,2021-06-16,Active
ACC00068,CUST00068,Mastercard,Standard,0.032,15000,2019-11-11,Active
ACC00069,CUST00069,Debit,N/A,0.0,0,2023-03-25,Inactive
ACC00070,CUST00070,Cash,N/A,0.0,0,2020-11-30,Inactive
ACC00071,CUST00071,Mastercard,World Elite,0.011,10000,2019-08-20,Active
ACC00072,CUST00072,Mastercard,Gold,0.015,25000,2022-11-17,Inactive
ACC00073,CUST00073,Visa,N/A,0.0,0,2021-09-24,Active
ACC00074,CUST00074,Cash,N/A,0.0,0,2020-04-05,Active
ACC00075,CUST00075,Cash,N/A,0.0,0,2019-07-01,Suspended
ACC00076,CUST00076,Mastercard,Gold,0.028,10000,2020-05-09,Inactive
ACC00077,CUST00077,Mastercard,Platinum,0.035,15000,2021-05-13,Active
ACC00078,CUST00078,Visa,N/A,0.0,0,2019-08-04,Inactive
ACC00079,CUST00079,Mastercard,Standard,0.032,10000,2024-01-27,Active
ACC00080,CUST00080,Debit,N/A,0.0,0,2021-11-06,Active
ACC00081,CUST00081,Mastercard,Platinum,0.018,10000,2019-06-20,Active
ACC00082,CUST00082,Mastercard,Platinum,0.025,20000,2021-10-10,Active
ACC00083,CUST00083,Mastercard,Gold,0.018,25000,2021-09-26,Active
ACC00084,CUST00084,Mastercard,Platinum,0.021,20000,2023-11-18,Inactive
ACC00085,CUST00085,Cash,N/A,0.0,0,2021-02-22,Active
ACC00086,CUST00086,Debit,N/A,0.0,0,2019-08-09,Active
ACC00087,CUST00087,Mastercard,Platinum,0.039,20000,2019-07-14,Active
ACC00088,CUST00088,Gift Card,N/A,0.0,0,2023-04-14,Active
ACC00089,CUST00089,Debit,N/A,0.0,0,2022-04-03,Active
ACC00090,CUST00090,Cash,N/A,0.0,0,2024-01-25,Active
ACC00091,CUST00091,Visa,N/A,0.0,0,2023-07-28,Active
ACC00092,CUST00092,Debit,N/A,0.0,0,2023-03-05,Active
ACC00093,CUST00093,Cash,N/A,0.0,0,2022-08-18,Active
ACC00094,CUST00094,Debit,N/A,0.0,0,2023-10-12,Active
ACC00095,CUST00095,Debit,N/A,0.0,0,2023-11-04,Active
ACC00096,CUST00096,Debit,N/A,0.0,0,2021-03-27,Inactive
ACC00097,CUST00097,Visa,N/A,0.0,0,2022-07-10,Active
ACC00098,CUST00098,Debit,N/A,0.0,0,2021-06-03,Active
ACC00099,CUST00099,Mastercard,Standard,0.027,5000,2022-07-15,Inactive
ACC00100,CUST00100,Cash,N/A,0.0,0,2019-07-22,Active
ACC00101,CUST00101,Cash,N/A,0.0,0,2021-04-24,Inactive
ACC00102,CUST00102,Mastercard,Platinum,0.035,10000,2021-01-04,Inactive
ACC00103,CUST00103,Visa,N/A,0.0,0,2020-12-05,Active
ACC00104,CUST00104,Visa,N/A,0.0,0,2020-05-24,Active
ACC00105,CUST00105,Debit,N/A,0.0,0,2023-05-25,Active
ACC00106,CUST00106,Mastercard,Gold,0.04,10000,2023-04-24,Active
ACC00107,CUST00107,Cash,N/A,0.0,0,2020-03-04,Active
ACC00108,CUST00108,Mastercard,Platinum,0.029,25000,2021-04-01,Active
ACC00109,CUST00109,Debit,N/A,0.0,0,2023-05-19,Inactive
ACC00110,CUST00110,Mastercard,Platinum,0.036,10000,2020-12-21,Active
ACC00111,CUST00111,Mastercard,Platinum,0.035,7500,2020-10-10,Inactive
ACC00112,CUST00112,Debit,N/A,0.0,0,2019-07-27,Inactive
ACC00113,CUST00113,Mastercard,Standard,0.022,20000,2021-10-15,Active
ACC00114,CUST00114,Mastercard,Platinum,0.016,25000,2021-09-21,Active
ACC00115,CUST00115,Debit,N/A,0.0,0,2023-07-09,Active
ACC00116,CUST00116,Mastercard,Gold,0.015,7500,2020-10-23,Active
ACC00117,CUST00117,Mastercard,Standard,0.019,20000,2022-12-05,Active
ACC00118,CUST00118,Mastercard,Standard,0.027,7500,2021-03-26,Active
ACC00119,CUST00119,Visa,N/A,0.0,0,2019-06-05,Active
ACC00120,CUST00120,Mastercard,Standard,0.028,25000,2021-04-08,Inactive
ACC00121,CUST00121,Cash,N/A,0.0,0,2019-10-26,Active
ACC00122,CUST00122,Visa,N/A,0.0,0,2021-12-27,Active
ACC00123,CUST00123,Mastercard,Standard,0.022,25000,2023-07-27,Inactive
ACC00124,CUST00124,Mastercard,Platinum,0.028,5000,2020-10-25,Suspended
ACC00125,CUST00125,Visa,N/A,0.0,0,2021-06-25,Inactive
ACC00126,CUST00126,Mastercard,Standard,0.015,10000,2019-02-23,Active
ACC00127,CUST00127,Debit,N/A,0.0,0,2023-09-03,Active
ACC00128,CUST00128,Gift Card,N/A,0.0,0,2020-03-24,Active
ACC00129,CUST00129,Visa,N/A,0.0,0,2020-04-07,Active
ACC00130,CUST00130,Visa,N/A,0.0,0,2023-07-21,Active
ACC00131,CUST00131,Debit,N/A,0.0,0,2019-01-26,Active
ACC00132,CUST00132,Visa,N/A,0.0,0,2019-02-12,Inactive
ACC00133,CUST00133,Mastercard,Gold,0.023,20000,2022-02-02,Suspended
ACC00134,CUST00134,Mastercard,Standard,0.016,20000,2022-04-04,Active
ACC00135,CUST00135,Mastercard,Gold,0.037,15000,2023-03-10,Active
ACC00136,CUST00136,Debit,N/A,0.0,0,2023-06-20,Suspended
ACC00137,CUST00137,Debit,N/A,0.0,0,2023-07-04,Inactive
ACC00138,CUST00138,Cash,N/A,0.0,0,2021-06-02,Active
ACC00139,CUST00139,Mastercard,World Elite,0.038,10000,2022-01-11,Active
ACC00140,CUST00140,Mastercard,World Elite,0.014,25000,2020-05-20,Active
ACC00141,CUST00141,Cash,N/A,0.0,0,2022-03-31,Active
ACC00142,CUST00142,Debit,N/A,0.0,0,2024-02-22,Active
ACC00143,CUST00143,Mastercard,Gold,0.024,10000,2019-08-03,Inactive
ACC00144,CUST00144,Mastercard,Gold,0.032,25000,2022-12-08,Active
ACC00145,CUST00145,Visa,N/A,0.0,0,2022-02-08,Inactive
ACC00146,CUST00146,Cash,N/A,0.0,0,2020-04-03,Active
ACC00147,CUST00147,Debit,N/A,0.0,0,2022-03-22,Inactive
ACC00148,CUST00148,Mastercard,Gold,0.023,20000,2021-06-12,Active
ACC00149,CUST00149,Mastercard,World Elite,0.011,15000,2022-02-18,Active
ACC00150,CUST00150,Visa,N/A,0.0,0,2024-01-09,Active
ACC00151,CUST00151,Mastercard,Platinum,0.014,25000,2020-12-26,Active
ACC00152,CUST00152,Visa,N/A,0.0,0,2023-01-12,Active
ACC00153,CUST00153,Mastercard,Standard,0.037,5000,2023-01-01,Active
ACC00154,CUST00154,Mastercard,Gold,0.033,7500,2021-03-22,Active
ACC00155,CUST00155,Cash,N/A,0.0,0,2021-07-14,Active
ACC00156,CUST00156,Debit,N/A,0.0,0,2022-11-28,Active
ACC00157,CUST00157,Debit,N/A,0.0,0,2020-11-07,Active
ACC00158,CUST00158,Debit,N/A,0.0,0,2023-06-24,Inactive
ACC00159,CUST00159,Mastercard,World Elite,0.014,20000,2022-10-27,Active
ACC00160,CUST00160,Mastercard,Platinum,0.039,5000,2022-12-29,Active
ACC00161,CUST00161,Mastercard,Gold,0.033,5000,2022-06-11,Active
ACC00162,CUST00162,Debit,N/A,0.0,0,2021-04-27,Active
ACC00163,CUST00163,Debit,N/A,0.0,0,2023-02-09,Active
ACC00164,CUST00164,Visa,N/A,0.0,0,2022-05-16,Active
ACC00165,CUST00165,Gift Card,N/A,0.0,0,2020-01-03,Inactive
ACC00166,CUST00166,Debit,N/A,0.0,0,2019-03-02,Active
ACC00167,CUST00167,Mastercard,Gold,0.014,5000,2019-07-12,Inactive
ACC00168,CUST00168,Gift Card,N/A,0.0,0,2022-03-21,Active
ACC00169,CUST00169,Debit,N/A,0.0,0,2022-11-04,Active
ACC00170,CUST00170,Mastercard,Gold,0.031,7500,2023-10-02,Active
ACC00171,CUST00171,Mastercard,Standard,0.021,25000,2021-05-31,Inactive
ACC00172,CUST00172,Debit,N/A,0.0,0,2021-10-20,Active
ACC00173,CUST00173,Mastercard,Standard,0.016,10000,2022-08-18,Active
ACC00174,CUST00174,Cash,N/A,0.0,0,2020-11-26,Active
ACC00175,CUST00175,Mastercard,Standard,0.018,20000,2019-05-05,Suspended
ACC00176,CUST00176,Visa,N/A,0.0,0,2019-05-02,Active
ACC00177,CUST00177,Mastercard,Standard,0.01,20000,2019-01-26,Active
ACC00178,CUST00178,Mastercard,Gold,0.011,20000,2022-02-27,Active
ACC00179,CUST00179,Mastercard,Standard,0.015,25000,2022-06-25,Active
ACC00180,CUST00180,Debit,N/A,0.0,0,2022-01-01,Active
ACC00181,CUST00181,Mastercard,Standard,0.036,7500,2022-05-13,Active
ACC00182,CUST00182,Visa,N/A,0.0,0,2019-12-29,Inactive
ACC00183,CUST00183,Mastercard,Platinum,0.036,7500,2021-11-05,Active
ACC00184,CUST00184,Mastercard,Platinum,0.011,5000,2024-03-30,Active
ACC00185,CUST00185,Debit,N/A,0.0,0,2023-06-14,Inactive
ACC00186,CUST00186,Mastercard,Platinum,0.019,10000,2019-08-09,Active
ACC00187,CUST00187,Debit,N/A,0.0,0,2020-01-05,Active
ACC00188,CUST00188,Debit,N/A,0.0,0,2019-12-09,Inactive
ACC00189,CUST00189,Visa,N/A,0.0,0,2021-10-16,Active
ACC00190,CUST00190,Debit,N/A,0.0,0,2019-11-14,Suspended
ACC00191,CUST00191,Gift Card,N/A,0.0,0,2024-02-28,Active
ACC00192,CUST00192,Mastercard,Gold,0.03,15000,2023-05-25,Active
ACC00193,CUST00193,Visa,N/A,0.0,0,2019-08-27,Active
ACC00194,CUST00194,Cash,N/A,0.0,0,2019-05-15,Active
ACC00195,CUST00195,Mastercard,Gold,0.017,15000,2020-01-21,Active
ACC00196,CUST00196,Mastercard,Standard,0.012,15000,2023-07-19,Inactive
ACC00197,CUST00197,Mastercard,Platinum,0.033,20000,2019-07-22,Inactive
ACC00198,CUST00198,Mastercard,Standard,0.03,20000,2022-02-27,Active
ACC00199,CUST00199,Mastercard,Gold,0.022,20000,2022-08-10,Active
ACC00200,CUST00200,Visa,N/A,0.0,0,2020-10-18,Active
ACC00201,CUST00201,Debit,N/A,0.0,0,2023-04-13,Active
ACC00202,CUST00202,Mastercard,World Elite,0.023,15000,2021-02-11,Active
ACC00203,CUST00203,Mastercard,Standard,0.013,20000,2021-09-18,Active
ACC00204,CUST00204,Mastercard,Standard,0.04,10000,2023-04-28,Active
ACC00205,CUST00205,Mastercard,Standard,0.035,7500,2019-07-02,Active
ACC00206,CUST00206,Debit,N/A,0.0,0,2022-04-18,Active
ACC00207,CUST00207,Debit,N/A,0.0,0,2022-03-15,Active
ACC00208,CUST00208,Mastercard,Gold,0.032,20000,2019-02-27,Active
ACC00209,CUST00209,Mastercard,Standard,0.016,20000,2019-04-18,Inactive
ACC00210,CUST00210,Mastercard,Platinum,0.023,20000,2021-12-09,Inactive
ACC00211,CUST00211,Cash,N/A,0.0,0,2021-11-07,Active
ACC00212,CUST00212,Mastercard,Platinum,0.037,5000,2021-07-25,Inactive
ACC00213,CUST00213,Debit,N/A,0.0,0,2024-01-02,Active
ACC00214,CUST00214,Debit,N/A,0.0,0,2020-10-17,Active
ACC00215,CUST00215,Mastercard,Standard,0.016,25000,2022-06-09,Active
ACC00216,CUST00216,Mastercard,World Elite,0.016,25000,2019-08-27,Inactive
ACC00217,CUST00217,Cash,N/A,0.0,0,2019-01-10,Inactive
ACC00218,CUST00218,Mastercard,Platinum,0.037,10000,2019-12-29,Suspended
ACC00219,CUST00219,Gift Card,N/A,0.0,0,2023-08-20,Active
ACC00220,CUST00220,Cash,N/A,0.0,0,2024-02-23,Inactive
ACC00221,CUST00221,Mastercard,Standard,0.014,7500,2022-06-27,Active
ACC00222,CUST00222,Mastercard,Platinum,0.023,20000,2022-12-25,Inactive
ACC00223,CUST00223,Visa,N/A,0.0,0,2022-07-06,Active
ACC00224,CUST00224,Mastercard,World Elite,0.03,10000,2021-04-18,Active
ACC00225,CUST00225,Visa,N/A,0.0,0,2021-05-01,Inactive
ACC00226,CUST00226,Debit,N/A,0.0,0,2021-02-11,Active
ACC00227,CUST00227,Gift Card,N/A,0.0,0,2024-01-20,Active
ACC00228,CUST00228,Mastercard,Platinum,0.018,5000,2022-07-07,Active
ACC00229,CUST00229,Mastercard,Standard,0.033,7500,2022-09-19,Active
ACC00230,CUST00230,Mastercard,Standard,0.013,7500,2024-01-22,Active
ACC00231,CUST00231,Visa,N/A,0.0,0,2019-05-17,Active
ACC00232,CUST00232,Mastercard,Standard,0.038,10000,2022-10-26,Active
ACC00233,CUST00233,Visa,N/A,0.0,0,2022-11-24,Active
ACC00234,CUST00234,Mastercard,Gold,0.019,20000,2020-06-19,Active
ACC00235,CUST00235,Mastercard,Standard,0.035,7500,2019-06-27,Active
ACC00236,CUST00236,Debit,N/A,0.0,0,2021-10-16,Active
ACC00237,CUST00237,Mastercard,Gold,0.011,15000,2019-08-12,Active
ACC00238,CUST00238,Debit,N/A,0.0,0,2019-03-19,Inactive
ACC00239,CUST00239,Mastercard,Standard,0.033,5000,2020-05-10,Active
ACC00240,CUST00240,Mastercard,Gold,0.032,15000,2022-05-07,Active
ACC00241,CUST00241,Visa,N/A,0.0,0,2022-09-19,Inactive
ACC00242,CUST00242,Mastercard,Platinum,0.016,7500,2023-01-24,Active
ACC00243,CUST00243,Gift Card,N/A,0.0,0,2022-03-10,Active
ACC00244,CUST00244,Gift Card,N/A,0.0,0,2019-11-09,Active
ACC00245,CUST00245,Mastercard,World Elite,0.038,10000,2021-08-04,Active
ACC00246,CUST00246,Mastercard,Gold,0.022,7500,2020-08-20,Active
ACC00247,CUST00247,Visa,N/A,0.0,0,2020-04-06,Active
ACC00248,CUST00248,Cash,N/A,0.0,0,2020-02-03,Active
ACC00249,CUST00249,Mastercard,Platinum,0.011,15000,2019-05-23,Inactive
ACC00250,CUST00250,Gift Card,N/A,0.0,0,2022-05-17,Active
ACC00251,CUST00251,Mastercard,Gold,0.014,10000,2019-04-27,Active
ACC00252,CUST00252,Debit,N/A,0.0,0,2019-05-14,Active
ACC00253,CUST00253,Visa,N/A,0.0,0,2021-12-30,Active
ACC00254,CUST00254,Mastercard,Platinum,0.032,10000,2021-01-28,Active
ACC00255,CUST00255,Mastercard,World Elite,0.031,5000,2021-02-19,Active
ACC00256,CUST00256,Cash,N/A,0.0,0,2019-04-30,Inactive
ACC00257,CUST00257,Visa,N/A,0.0,0,2023-04-24,Active
ACC00258,CUST00258,Visa,N/A,0.0,0,2023-10-22,Active
ACC00259,CUST00259,Mastercard,Gold,0.027,5000,2019-02-10,Active
ACC00260,CUST00260,Visa,N/A,0.0,0,2024-02-09,Active
ACC00261,CUST00261,Mastercard,Gold,0.022,25000,2022-06-15,Active
ACC00262,CUST00262,Visa,N/A,0.0,0,2024-02-08,Active
ACC00263,CUST00263,Visa,N/A,0.0,0,2022-10-30,Active
ACC00264,CUST00264,Gift Card,N/A,0.0,0,2020-05-27,Active
ACC00265,CUST00265,Visa,N/A,0.0,0,2022-07-27,Active
ACC00266,CUST00266,Mastercard,World Elite,0.015,20000,2023-12-07,Active
ACC00267,CUST00267,Debit,N/A,0.0,0,2019-10-23,Active
ACC00268,CUST00268,Visa,N/A,0.0,0,2023-02-06,Active
ACC00269,CUST00269,Visa,N/A,0.0,0,2021-03-06,Suspended
ACC00270,CUST00270,Mastercard,Platinum,0.021,5000,2021-06-03,Inactive
ACC00271,CUST00271,Mastercard,Standard,0.024,25000,2023-12-07,Active
ACC00272,CUST00272,Mastercard,Standard,0.022,25000,2020-12-23,Active
ACC00273,CUST00273,Visa,N/A,0.0,0,2021-04-11,Active
ACC00274,CUST00274,Mastercard,Gold,0.032,15000,2021-03-06,Active
ACC00275,CUST00275,Mastercard,Standard,0.03,7500,2023-01-21,Active
ACC00276,CUST00276,Mastercard,Standard,0.031,20000,2020-02-03,Inactive
ACC00277,CUST00277,Mastercard,Platinum,0.034,10000,2024-01-18,Active
ACC00278,CUST00278,Mastercard,Platinum,0.034,10000,2022-08-11,Active
ACC00279,CUST00279,Visa,N/A,0.0,0,2021-03-15,Active
ACC00280,CUST00280,Debit,N/A,0.0,0,2019-08-11,Active
ACC00281,CUST00281,Mastercard,Gold,0.037,20000,2021-04-24,Active
ACC00282,CUST00282,Cash,N/A,0.0,0,2020-03-20,Active
ACC00283,CUST00283,Visa,N/A,0.0,0,2023-12-28,Active
ACC00284,CUST00284,Visa,N/A,0.0,0,2021-02-26,Inactive
ACC00285,CUST00285,Cash,N/A,0.0,0,2021-06-03,Active
ACC00286,CUST00286,Visa,N/A,0.0,0,2021-06-26,Active
ACC00287,CUST00287,Visa,N/A,0.0,0,2020-02-27,Active
ACC00288,CUST00288,Mastercard,Platinum,0.018,25000,2022-10-25,Active
ACC00289,CUST00289,Mastercard,Standard,0.022,7500,2019-11-05,Active
ACC00290,CUST00290,Mastercard,Gold,0.036,7500,2023-04-11,Inactive
ACC00291,CUST00291,Mastercard,Standard,0.038,20000,2021-12-22,Active
ACC00292,CUST00292,Mastercard,Platinum,0.03,5000,2019-06-25,Active
ACC00293,CUST00293,Visa,N/A,0.0,0,2024-02-28,Inactive
ACC00294,CUST00294,Mastercard,Standard,0.036,10000,2024-03-22,Inactive
ACC00295,CUST00295,Visa,N/A,0.0,0,2020-02-20,Active
ACC00296,CUST00296,Cash,N/A,0.0,0,2020-03-12,Active
ACC00297,CUST00297,Visa,N/A,0.0,0,2019-05-16,Active
ACC00298,CUST00298,Mastercard,World Elite,0.028,15000,2021-08-30,Active
ACC00299,CUST00299,Visa,N/A,0.0,0,2019-12-25,Active
ACC00300,CUST00300,Gift Card,N/A,0.0,0,2019-07-27,Inactive
ACC00301,CUST00301,Cash,N/A,0.0,0,2019-11-24,Inactive
ACC00302,CUST00302,Mastercard,Standard,0.022,20000,2024-02-08,Active
ACC00303,CUST00303,Mastercard,Standard,0.027,15000,2022-12-04,Suspended
ACC00304,CUST00304,Debit,N/A,0.0,0,2022-11-14,Inactive
ACC00305,CUST00305,Mastercard,Standard,0.013,7500,2024-02-06,Active
ACC00306,CUST00306,Mastercard,Platinum,0.014,15000,2021-08-26,Active
ACC00307,CUST00307,Debit,N/A,0.0,0,2019-12-16,Active
ACC00308,CUST00308,Mastercard,Gold,0.04,10000,2024-03-21,Active
ACC00309,CUST00309,Cash,N/A,0.0,0,2022-03-17,Active
ACC00310,CUST00310,Gift Card,N/A,0.0,0,2024-01-05,Active
ACC00311,CUST00311,Mastercard,Gold,0.03,10000,2023-12-19,Active
ACC00312,CUST00312,Debit,N/A,0.0,0,2019-06-24,Inactive
ACC00313,CUST00313,Mastercard,Standard,0.014,10000,2022-10-19,Active
ACC00314,CUST00314,Debit,N/A,0.0,0,2019-11-03,Active
ACC00315,CUST00315,Debit,N/A,0.0,0,2024-03-29,Active
ACC00316,CUST00316,Gift Card,N/A,0.0,0,2022-10-01,Active
ACC00317,CUST00317,Mastercard,Gold,0.019,5000,2020-12-27,Active
ACC00318,CUST00318,Visa,N/A,0.0,0,2023-06-26,Active
ACC00319,CUST00319,Debit,N/A,0.0,0,2022-06-27,Inactive
ACC00320,CUST00320,Mastercard,Gold,0.015,10000,2020-01-29,Active
ACC00321,CUST00321,Mastercard,World Elite,0.037,5000,2021-09-29,Active
ACC00322,CUST00322,Debit,N/A,0.0,0,2019-12-08,Active
ACC00323,CUST00323,Mastercard,Standard,0.019,15000,2021-06-05,Active
ACC00324,CUST00324,Mastercard,Standard,0.04,25000,2021-07-27,Active
ACC00325,CUST00325,Debit,N/A,0.0,0,2020-11-12,Active
ACC00326,CUST00326,Visa,N/A,0.0,0,2019-09-25,Inactive
ACC00327,CUST00327,Visa,N/A,0.0,0,2024-03-12,Active
ACC00328,CUST00328,Debit,N/A,0.0,0,2023-02-13,Active
ACC00329,CUST00329,Mastercard,Standard,0.016,15000,2021-02-17,Active
ACC00330,CUST00330,Mastercard,Platinum,0.018,15000,2020-11-18,Active
ACC00331,CUST00331,Gift Card,N/A,0.0,0,2021-11-15,Inactive
ACC00332,CUST00332,Visa,N/A,0.0,0,2023-05-25,Active
ACC00333,CUST00333,Gift Card,N/A,0.0,0,2022-12-19,Active
ACC00334,CUST00334,Mastercard,World Elite,0.032,20000,2020-01-31,Active
ACC00335,CUST00335,Cash,N/A,0.0,0,2020-06-30,Active
ACC00336,CUST00336,Mastercard,Gold,0.03,25000,2024-02-14,Active
ACC00337,CUST00337,Debit,N/A,0.0,0,2021-11-08,Inactive
ACC00338,CUST00338,Mastercard,Standard,0.014,5000,2020-05-12,Active
ACC00339,CUST00339,Debit,N/A,0.0,0,2021-02-03,Active
ACC00340,CUST00340,Cash,N/A,0.0,0,2022-03-17,Inactive
ACC00341,CUST00341,Mastercard,Platinum,0.036,5000,2023-01-20,Active
ACC00342,CUST00342,Mastercard,Platinum,0.036,20000,2019-05-25,Active
ACC00343,CUST00343,Mastercard,Gold,0.036,15000,2022-07-16,Inactive
ACC00344,CUST00344,Mastercard,Platinum,0.013,5000,2019-04-26,Active
ACC00345,CUST00345,Mastercard,Standard,0.032,5000,2020-01-16,Active
ACC00346,CUST00346,Mastercard,World Elite,0.01,25000,2020-04-22,Active
ACC00347,CUST00347,Mastercard,Platinum,0.022,25000,2021-12-20,Active
ACC00348,CUST00348,Visa,N/A,0.0,0,2023-08-02,Active
ACC00349,CUST00349,Cash,N/A,0.0,0,2021-10-11,Active
ACC00350,CUST00350,Mastercard,Standard,0.019,25000,2022-04-27,Inactive
ACC00351,CUST00351,Debit,N/A,0.0,0,2019-05-06,Active
ACC00352,CUST00352,Debit,N/A,0.0,0,2021-11-05,Active
ACC00353,CUST00353,Debit,N/A,0.0,0,2019-12-27,Suspended
ACC00354,CUST00354,Debit,N/A,0.0,0,2020-06-23,Active
ACC00355,CUST00355,Mastercard,Gold,0.039,25000,2019-09-11,Active
ACC00356,CUST00356,Mastercard,Standard,0.016,10000,2023-03-29,Suspended
ACC00357,CUST00357,Cash,N/A,0.0,0,2019-11-29,Active
ACC00358,CUST00358,Visa,N/A,0.0,0,2023-09-09,Active
ACC00359,CUST00359,Debit,N/A,0.0,0,2022-05-16,Active
ACC00360,CUST00360,Mastercard,Gold,0.017,10000,2023-08-16,Active
ACC00361,CUST00361,Mastercard,Standard,0.01,25000,2020-05-30,Active
ACC00362,CUST00362,Mastercard,Standard,0.012,15000,2020-12-05,Inactive
ACC00363,CUST00363,Debit,N/A,0.0,0,2019-05-04,Active
ACC00364,CUST00364,Mastercard,Platinum,0.012,25000,2021-07-02,Active
ACC00365,CUST00365,Visa,N/A,0.0,0,2023-03-05,Active
ACC00366,CUST00366,Mastercard,Standard,0.033,10000,2022-11-30,Active
ACC00367,CUST00367,Mastercard,Platinum,0.012,10000,2023-01-29,Inactive
ACC00368,CUST00368,Mastercard,Gold,0.032,15000,2021-01-28,Active
ACC00369,CUST00369,Mastercard,Platinum,0.019,25000,2020-01-25,Active
ACC00370,CUST00370,Debit,N/A,0.0,0,2019-12-16,Active
ACC00371,CUST00371,Mastercard,Gold,0.024,15000,2020-10-26,Inactive
ACC00372,CUST00372,Mastercard,Platinum,0.039,15000,2023-11-15,Inactive
ACC00373,CUST00373,Mastercard,Gold,0.014,15000,2021-05-09,Inactive
ACC00374,CUST00374,Mastercard,Platinum,0.034,15000,2023-11-18,Active
ACC00375,CUST00375,Debit,N/A,0.0,0,2021-03-29,Active
ACC00376,CUST00376,Debit,N/A,0.0,0,2021-06-08,Active
ACC00377,CUST00377,Debit,N/A,0.0,0,2022-09-17,Inactive
ACC00378,CUST00378,Debit,N/A,0.0,0,2019-11-06,Active
ACC00379,CUST00379,Debit,N/A,0.0,0,2020-01-12,Active
ACC00380,CUST00380,Debit,N/A,0.0,0,2019-02-03,Active
ACC00381,CUST00381,Debit,N/A,0.0,0,2019-11-03,Active
ACC00382,CUST00382,Mastercard,Standard,0.025,7500,2020-09-13,Inactive
ACC00383,CUST00383,Visa,N/A,0.0,0,2023-10-15,Active
ACC00384,CUST00384,Debit,N/A,0.0,0,2020-04-11,Active
ACC00385,CUST00385,Mastercard,Gold,0.025,15000,2023-10-11,Active
ACC00386,CUST00386,Visa,N/A,0.0,0,2022-09-25,Active
ACC00387,CUST00387,Visa,N/A,0.0,0,2019-08-06,Active
ACC00388,CUST00388,Mastercard,Standard,0.024,10000,2019-10-17,Active
ACC00389,CUST00389,Mastercard,World Elite,0.034,15000,2021-10-01,Active
ACC00390,CUST00390,Debit,N/A,0.0,0,2020-09-22,Active
ACC00391,CUST00391,Debit,N/A,0.0,0,2020-11-24,Active
ACC00392,CUST00392,Cash,N/A,0.0,0,2022-11-01,Active
ACC00393,CUST00393,Visa,N/A,0.0,0,2022-06-06,Active
ACC00394,CUST00394,Mastercard,Standard,0.018,25000,2021-02-03,Inactive
ACC00395,CUST00395,Debit,N/A,0.0,0,2023-11-05,Active
ACC00396,CUST00396,Debit,N/A,0.0,0,2022-03-03,Suspended
ACC00397,CUST00397,Mastercard,Standard,0.023,15000,2020-05-19,Active
ACC00398,CUST00398,Cash,N/A,0.0,0,2020-10-30,Active
ACC00399,CUST00399,Visa,N/A,0.0,0,2024-02-07,Inactive
ACC00400,CUST00400,Mastercard,Standard,0.037,15000,2023-05-31,Active
ACC00401,CUST00401,Debit,N/A,0.0,0,2020-11-28,Active
ACC00402,CUST00402,Visa,N/A,0.0,0,2020-11-09,Active
ACC00403,CUST00403,Visa,N/A,0.0,0,2024-01-22,Active
ACC00404,CUST00404,Mastercard,Standard,0.029,7500,2022-12-21,Active
ACC00405,CUST00405,Cash,N/A,0.0,0,2020-04-30,Inactive
ACC00406,CUST00406,Visa,N/A,0.0,0,2020-05-25,Active
ACC00407,CUST00407,Cash,N/A,0.0,0,2021-08-20,Inactive
ACC00408,CUST00408,Debit,N/A,0.0,0,2020-10-03,Active
ACC00409,CUST00409,Visa,N/A,0.0,0,2019-07-15,Active
ACC00410,CUST00410,Debit,N/A,0.0,0,2019-10-31,Active
ACC00411,CUST00411,Visa,N/A,0.0,0,2019-06-16,Active
ACC00412,CUST00412,Debit,N/A,0.0,0,2021-08-05,Active
ACC00413,CUST00413,Mastercard,Platinum,0.039,10000,2019-05-18,Active
ACC00414,CUST00414,Debit,N/A,0.0,0,2023-05-12,Active
ACC00415,CUST00415,Visa,N/A,0.0,0,2023-04-26,Active
ACC00416,CUST00416,Mastercard,Standard,0.035,5000,2021-08-28,Active
ACC00417,CUST00417,Cash,N/A,0.0,0,2022-07-20,Active
ACC00418,CUST00418,Debit,N/A,0.0,0,2020-12-30,Inactive
ACC00419,CUST00419,Debit,N/A,0.0,0,2021-09-15,Active
ACC00420,CUST00420,Visa,N/A,0.0,0,2023-05-24,Active
ACC00421,CUST00421,Mastercard,Standard,0.04,20000,2023-12-14,Active
ACC00422,CUST00422,Mastercard,Platinum,0.029,20000,2022-05-24,Active
ACC00423,CUST00423,Mastercard,Platinum,0.032,7500,2021-12-08,Active
ACC00424,CUST00424,Mastercard,Standard,0.034,15000,2022-12-05,Inactive
ACC00425,CUST00425,Gift Card,N/A,0.0,0,2019-01-23,Active
ACC00426,CUST00426,Mastercard,Standard,0.019,5000,2022-08-27,Active
ACC00427,CUST00427,Debit,N/A,0.0,0,2021-05-13,Active
ACC00428,CUST00428,Debit,N/A,0.0,0,2021-08-10,Active
ACC00429,CUST00429,Debit,N/A,0.0,0,2019-10-30,Active
ACC00430,CUST00430,Debit,N/A,0.0,0,2021-02-21,Active
ACC00431,CUST00431,Mastercard,Gold,0.033,5000,2020-07-14,Active
ACC00432,CUST00432,Debit,N/A,0.0,0,2020-02-10,Active
ACC00433,CUST00433,Mastercard,Gold,0.015,7500,2020-10-23,Suspended
ACC00434,CUST00434,Gift Card,N/A,0.0,0,2019-09-11,Active
ACC00435,CUST00435,Visa,N/A,0.0,0,2020-10-30,Active
ACC00436,CUST00436,Mastercard,Gold,0.019,25000,2021-02-07,Active
ACC00437,CUST00437,Debit,N/A,0.0,0,2022-07-11,Active
ACC00438,CUST00438,Cash,N/A,0.0,0,2020-10-25,Active
ACC00439,CUST00439,Visa,N/A,0.0,0,2020-10-30,Active
ACC00440,CUST00440,Mastercard,Platinum,0.029,10000,2022-03-04,Active
ACC00441,CUST00441,Mastercard,Standard,0.025,25000,2023-01-08,Active
ACC00442,CUST00442,Mastercard,Gold,0.038,7500,2019-11-07,Active
ACC00443,CUST00443,Debit,N/A,0.0,0,2019-12-01,Inactive
ACC00444,CUST00444,Mastercard,Standard,0.033,10000,2020-11-23,Active
ACC00445,CUST00445,Debit,N/A,0.0,0,2020-12-04,Active
ACC00446,CUST00446,Mastercard,Gold,0.026,20000,2021-05-02,Active
ACC00447,CUST00447,Debit,N/A,0.0,0,2021-03-21,Active
ACC00448,CUST00448,Visa,N/A,0.0,0,2022-01-27,Inactive
ACC00449,CUST00449,Visa,N/A,0.0,0,2023-07-26,Active
ACC00450,CUST00450,Mastercard,Standard,0.033,10000,2020-04-10,Active
ACC00451,CUST00451,Mastercard,Gold,0.027,5000,2022-08-09,Inactive
ACC00452,CUST00452,Mastercard,Standard,0.011,7500,2023-04-03,Active
ACC00453,CUST00453,Mastercard,Standard,0.036,20000,2020-10-16,Active
ACC00454,CUST00454,Gift Card,N/A,0.0,0,2023-03-29,Active
ACC00455,CUST00455,Debit,N/A,0.0,0,2021-03-21,Active
ACC00456,CUST00456,Mastercard,Platinum,0.025,25000,2023-01-03,Active
ACC00457,CUST00457,Gift Card,N/A,0.0,0,2022-01-31,Active
ACC00458,CUST00458,Visa,N/A,0.0,0,2020-02-14,Active
ACC00459,CUST00459,Visa,N/A,0.0,0,2020-03-03,Active
ACC00460,CUST00460,Mastercard,Gold,0.02,5000,2022-04-06,Inactive
ACC00461,CUST00461,Mastercard,Gold,0.035,15000,2020-03-11,Active
ACC00462,CUST00462,Visa,N/A,0.0,0,2019-01-16,Inactive
ACC00463,CUST00463,Visa,N/A,0.0,0,2023-03-05,Active
ACC00464,CUST00464,Mastercard,Standard,0.021,15000,2019-11-24,Inactive
ACC00465,CUST00465,Visa,N/A,0.0,0,2023-03-25,Active
ACC00466,CUST00466,Cash,N/A,0.0,0,2020-11-16,Active
ACC00467,CUST00467,Mastercard,Platinum,0.022,25000,2020-08-07,Active
ACC00468,CUST00468,Mastercard,Gold,0.039,25000,2021-11-14,Active
ACC00469,CUST00469,Mastercard,Standard,0.013,15000,2023-07-06,Active
ACC00470,CUST00470,Mastercard,World Elite,0.016,20000,2023-02-15,Active
ACC00471,CUST00471,Cash,N/A,0.0,0,2023-09-02,Active
ACC00472,CUST00472,Mastercard,Standard,0.028,10000,2021-01-09,Active
ACC00473,CUST00473,Visa,N/A,0.0,0,2022-08-19,Active
ACC00474,CUST00474,Visa,N/A,0.0,0,2022-03-06,Inactive
ACC00475,CUST00475,Cash,N/A,0.0,0,2023-09-24,Active
ACC00476,CUST00476,Cash,N/A,0.0,0,2021-11-12,Active
ACC00477,CUST00477,Mastercard,Standard,0.035,10000,2020-02-27,Active
ACC00478,CUST00478,Visa,N/A,0.0,0,2023-01-14,Active
ACC00479,CUST00479,Mastercard,Standard,0.04,20000,2023-03-24,Active
ACC00480,CUST00480,Mastercard,Gold,0.027,10000,2023-06-17,Suspended
ACC00481,CUST00481,Debit,N/A,0.0,0,2023-10-22,Inactive
ACC00482,CUST00482,Debit,N/A,0.0,0,2019-06-09,Active
ACC00483,CUST00483,Mastercard,Platinum,0.036,20000,2019-04-13,Inactive
ACC00484,CUST00484,Mastercard,World Elite,0.038,10000,2021-06-30,Active
ACC00485,CUST00485,Cash,N/A,0.0,0,2022-03-09,Suspended
ACC00486,CUST00486,Mastercard,Standard,0.021,25000,2020-01-26,Suspended
ACC00487,CUST00487,Visa,N/A,0.0,0,2023-02-28,Inactive
ACC00488,CUST00488,Debit,N/A,0.0,0,2019-06-05,Active
ACC00489,CUST00489,Mastercard,Platinum,0.019,5000,2024-01-15,Active
ACC00490,CUST00490,Visa,N/A,0.0,0,2019-10-18,Active
ACC00491,CUST00491,Mastercard,World Elite,0.037,7500,2019-09-04,Inactive
ACC00492,CUST00492,Debit,N/A,0.0,0,2023-03-05,Suspended
ACC00493,CUST00493,Mastercard,Platinum,0.036,15000,2019-12-24,Active
ACC00494,CUST00494,Cash,N/A,0.0,0,2019-06-26,Active
ACC00495,CUST00495,Gift Card,N/A,0.0,0,2021-07-21,Inactive
ACC00496,CUST00496,Visa,N/A,0.0,0,2022-04-02,Active
ACC00497,CUST00497,Visa,N/A,0.0,0,2020-07-13,Active
ACC00498,CUST00498,Mastercard,Platinum,0.024,25000,2022-11-17,Active
ACC00499,CUST00499,Visa,N/A,0.0,0,2019-05-14,Active
ACC00500,CUST00500,Mastercard,Gold,0.011,15000,2023-08-28,Active
ACC00501,CUST00501,Mastercard,Standard,0.01,5000,2022-09-06,Active
ACC00502,CUST00502,Visa,N/A,0.0,0,2023-04-26,Inactive
ACC00503,CUST00503,Debit,N/A,0.0,0,2022-12-24,Active
ACC00504,CUST00504,Debit,N/A,0.0,0,2021-09-08,Active
ACC00505,CUST00505,Debit,N/A,0.0,0,2020-07-01,Active
ACC00506,CUST00506,Cash,N/A,0.0,0,2020-07-10,Suspended
ACC00507,CUST00507,Cash,N/A,0.0,0,2020-01-21,Active
ACC00508,CUST00508,Mastercard,Gold,0.01,25000,2019-04-01,Inactive
ACC00509,CUST00509,Mastercard,Platinum,0.023,25000,2021-09-27,Active
ACC00510,CUST00510,Mastercard,Platinum,0.032,10000,2021-01-15,Active
ACC00511,CUST00511,Visa,N/A,0.0,0,2021-01-22,Active
ACC00512,CUST00512,Mastercard,Gold,0.015,25000,2024-01-21,Active
ACC00513,CUST00513,Debit,N/A,0.0,0,2022-02-02,Active
ACC00514,CUST00514,Mastercard,Standard,0.029,15000,2019-12-23,Active
ACC00515,CUST00515,Debit,N/A,0.0,0,2021-02-01,Active
ACC00516,CUST00516,Visa,N/A,0.0,0,2020-12-12,Active
ACC00517,CUST00517,Mastercard,Standard,0.03,15000,2022-10-15,Active
ACC00518,CUST00518,Debit,N/A,0.0,0,2021-01-07,Suspended
ACC00519,CUST00519,Gift Card,N/A,0.0,0,2019-06-27,Active
ACC00520,CUST00520,Mastercard,Platinum,0.02,10000,2022-08-14,Active
ACC00521,CUST00521,Mastercard,Platinum,0.036,7500,2023-12-28,Active
ACC00522,CUST00522,Cash,N/A,0.0,0,2021-11-03,Inactive
ACC00523,CUST00523,Visa,N/A,0.0,0,2022-07-04,Active
ACC00524,CUST00524,Mastercard,Standard,0.029,25000,2019-11-23,Inactive
ACC00525,CUST00525,Mastercard,Gold,0.039,7500,2023-08-16,Active
ACC00526,CUST00526,Visa,N/A,0.0,0,2019-06-17,Inactive
ACC00527,CUST00527,Visa,N/A,0.0,0,2023-12-09,Active
ACC00528,CUST00528,Debit,N/A,0.0,0,2021-10-23,Active
ACC00529,CUST00529,Mastercard,Gold,0.027,10000,2024-03-28,Active
ACC00530,CUST00530,Mastercard,World Elite,0.032,25000,2022-12-24,Active
ACC00531,CUST00531,Mastercard,Gold,0.02,10000,2022-01-28,Inactive
ACC00532,CUST00532,Mastercard,Gold,0.035,7500,2022-03-27,Active
ACC00533,CUST00533,Mastercard,Gold,0.033,5000,2020-04-07,Active
ACC00534,CUST00534,Cash,N/A,0.0,0,2021-07-18,Active
ACC00535,CUST00535,Debit,N/A,0.0,0,2022-11-22,Inactive
ACC00536,CUST00536,Visa,N/A,0.0,0,2020-01-21,Active
ACC00537,CUST00537,Debit,N/A,0.0,0,2024-01-04,Active
ACC00538,CUST00538,Visa,N/A,0.0,0,2021-10-30,Active
ACC00539,CUST00539,Visa,N/A,0.0,0,2021-10-11,Active
ACC00540,CUST00540,Debit,N/A,0.0,0,2019-05-28,Active
ACC00541,CUST00541,Mastercard,Standard,0.033,10000,2023-08-18,Active
ACC00542,CUST00542,Visa,N/A,0.0,0,2022-07-31,Active
ACC00543,CUST00543,Debit,N/A,0.0,0,2023-07-27,Active
ACC00544,CUST00544,Visa,N/A,0.0,0,2019-02-03,Active
ACC00545,CUST00545,Debit,N/A,0.0,0,2019-09-05,Active
ACC00546,CUST00546,Visa,N/A,0.0,0,2023-08-23,Active
ACC00547,CUST00547,Mastercard,Standard,0.018,5000,2021-05-14,Inactive
ACC00548,CUST00548,Mastercard,Platinum,0.01,20000,2020-09-06,Active
ACC00549,CUST00549,Cash,N/A,0.0,0,2021-02-06,Active
ACC00550,CUST00550,Debit,N/A,0.0,0,2021-05-27,Active
ACC00551,CUST00551,Visa,N/A,0.0,0,2024-02-27,Active
ACC00552,CUST00552,Cash,N/A,0.0,0,2022-06-13,Active
ACC00553,CUST00553,Mastercard,Platinum,0.039,15000,2020-10-16,Active
ACC00554,CUST00554,Debit,N/A,0.0,0,2020-06-07,Active
ACC00555,CUST00555,Visa,N/A,0.0,0,2023-10-30,Active
ACC00556,CUST00556,Visa,N/A,0.0,0,2023-03-22,Active
ACC00557,CUST00557,Debit,N/A,0.0,0,2019-07-20,Active
ACC00558,CUST00558,Mastercard,Gold,0.036,25000,2021-10-01,Suspended
ACC00559,CUST00559,Mastercard,Gold,0.039,5000,2021-08-30,Active
ACC00560,CUST00560,Debit,N/A,0.0,0,2019-07-08,Active
ACC00561,CUST00561,Visa,N/A,0.0,0,2023-01-23,Inactive
ACC00562,CUST00562,Mastercard,Gold,0.013,15000,2023-03-15,Active
ACC00563,CUST00563,Visa,N/A,0.0,0,2022-05-21,Suspended
ACC00564,CUST00564,Visa,N/A,0.0,0,2019-03-12,Active
ACC00565,CUST00565,Gift Card,N/A,0.0,0,2022-02-05,Active
ACC00566,CUST00566,Mastercard,Platinum,0.016,15000,2019-07-14,Active
ACC00567,CUST00567,Cash,N/A,0.0,0,2019-09-20,Active
ACC00568,CUST00568,Debit,N/A,0.0,0,2022-10-14,Active
ACC00569,CUST00569,Mastercard,World Elite,0.023,20000,2020-01-07,Active
ACC00570,CUST00570,Mastercard,Platinum,0.022,20000,2022-08-31,Active
ACC00571,CUST00571,Debit,N/A,0.0,0,2020-06-02,Active
ACC00572,CUST00572,Mastercard,Platinum,0.025,15000,2020-08-23,Inactive
ACC00573,CUST00573,Debit,N/A,0.0,0,2019-03-23,Active
ACC00574,CUST00574,Mastercard,Standard,0.013,7500,2023-09-11,Active
ACC00575,CUST00575,Gift Card,N/A,0.0,0,2021-09-14,Active
ACC00576,CUST00576,Debit,N/A,0.0,0,2019-01-12,Active
ACC00577,CUST00577,Debit,N/A,0.0,0,2023-03-05,Inactive
ACC00578,CUST00578,Mastercard,World Elite,0.033,5000,2020-09-11,Active
ACC00579,CUST00579,Mastercard,Standard,0.03,15000,2020-04-13,Active
ACC00580,CUST00580,Debit,N/A,0.0,0,2023-07-14,Active
ACC00581,CUST00581,Visa,N/A,0.0,0,2024-02-11,Active
ACC00582,CUST00582,Mastercard,Standard,0.014,20000,2022-02-26,Active
ACC00583,CUST00583,Debit,N/A,0.0,0,2021-10-13,Active
ACC00584,CUST00584,Cash,N/A,0.0,0,2022-12-02,Active
ACC00585,CUST00585,Visa,N/A,0.0,0,2022-12-21,Active
ACC00586,CUST00586,Cash,N/A,0.0,0,2022-11-21,Active
ACC00587,CUST00587,Mastercard,Gold,0.023,5000,2020-07-25,Active
ACC00588,CUST00588,Visa,N/A,0.0,0,2022-12-08,Active
ACC00589,CUST00589,Mastercard,Standard,0.018,25000,2021-01-02,Active
ACC00590,CUST00590,Visa,N/A,0.0,0,2021-11-04,Inactive
ACC00591,CUST00591,Mastercard,World Elite,0.036,5000,2019-02-19,Active
ACC00592,CUST00592,Debit,N/A,0.0,0,2022-03-14,Active
ACC00593,CUST00593,Mastercard,Standard,0.03,20000,2021-02-03,Active
ACC00594,CUST00594,Visa,N/A,0.0,0,2021-09-05,Active
ACC00595,CUST00595,Visa,N/A,0.0,0,2023-06-06,Active
ACC00596,CUST00596,Mastercard,Gold,0.013,5000,2020-04-20,Active
ACC00597,CUST00597,Cash,N/A,0.0,0,2020-09-07,Active
ACC00598,CUST00598,Mastercard,Platinum,0.01,5000,2021-11-10,Active
ACC00599,CUST00599,Visa,N/A,0.0,0,2019-08-19,Active
ACC00600,CUST00600,Debit,N/A,0.0,0,2020-06-28,Active
ACC00601,CUST00601,Mastercard,Standard,0.036,7500,2020-10-16,Inactive
ACC00602,CUST00602,Mastercard,Platinum,0.034,7500,2022-09-21,Active
ACC00603,CUST00603,Debit,N/A,0.0,0,2021-09-07,Active
ACC00604,CUST00604,Mastercard,Standard,0.027,25000,2022-01-13,Inactive
ACC00605,CUST00605,Debit,N/A,0.0,0,2019-05-26,Active
ACC00606,CUST00606,Visa,N/A,0.0,0,2019-09-18,Inactive
ACC00607,CUST00607,Mastercard,Standard,0.033,15000,2021-11-17,Suspended
ACC00608,CUST00608,Mastercard,Standard,0.015,25000,2023-03-23,Active
ACC00609,CUST00609,Visa,N/A,0.0,0,2022-07-05,Active
ACC00610,CUST00610,Gift Card,N/A,0.0,0,2020-04-06,Inactive
ACC00611,CUST00611,Mastercard,Gold,0.033,5000,2023-11-19,Active
ACC00612,CUST00612,Mastercard,Gold,0.016,25000,2024-03-21,Active
ACC00613,CUST00613,Debit,N/A,0.0,0,2021-07-10,Active
ACC00614,CUST00614,Mastercard,Platinum,0.032,7500,2021-09-08,Active
ACC00615,CUST00615,Visa,N/A,0.0,0,2023-06-07,Active
ACC00616,CUST00616,Visa,N/A,0.0,0,2021-04-12,Active
ACC00617,CUST00617,Mastercard,Platinum,0.015,20000,2021-12-03,Active
ACC00618,CUST00618,Debit,N/A,0.0,0,2023-05-03,Active
ACC00619,CUST00619,Mastercard,Gold,0.023,20000,2019-06-23,Active
ACC00620,CUST00620,Mastercard,Platinum,0.033,5000,2021-01-26,Active
ACC00621,CUST00621,Debit,N/A,0.0,0,2020-07-29,Active
ACC00622,CUST00622,Cash,N/A,0.0,0,2023-07-11,Suspended
ACC00623,CUST00623,Visa,N/A,0.0,0,2020-11-30,Active
ACC00624,CUST00624,Mastercard,Gold,0.02,10000,2023-10-18,Inactive
ACC00625,CUST00625,Debit,N/A,0.0,0,2021-11-13,Active
ACC00626,CUST00626,Mastercard,Platinum,0.035,20000,2022-11-24,Active
ACC00627,CUST00627,Mastercard,Platinum,0.028,20000,2019-10-09,Active
ACC00628,CUST00628,Debit,N/A,0.0,0,2019-07-06,Active
ACC00629,CUST00629,Visa,N/A,0.0,0,2020-12-02,Active
ACC00630,CUST00630,Debit,N/A,0.0,0,2022-06-16,Active
ACC00631,CUST00631,Debit,N/A,0.0,0,2020-05-30,Active
ACC00632,CUST00632,Visa,N/A,0.0,0,2024-03-28,Active
ACC00633,CUST00633,Debit,N/A,0.0,0,2020-08-14,Active
ACC00634,CUST00634,Cash,N/A,0.0,0,2020-04-11,Active
ACC00635,CUST00635,Mastercard,World Elite,0.037,20000,2020-01-27,Active
ACC00636,CUST00636,Mastercard,Standard,0.035,20000,2022-10-16,Active
ACC00637,CUST00637,Visa,N/A,0.0,0,2020-06-24,Active
ACC00638,CUST00638,Debit,N/A,0.0,0,2022-10-03,Active
ACC00639,CUST00639,Mastercard,Platinum,0.037,7500,2023-07-01,Active
ACC00640,CUST00640,Mastercard,Standard,0.031,10000,2022-12-30,Active
ACC00641,CUST00641,Debit,N/A,0.0,0,2020-10-19,Active
ACC00642,CUST00642,Visa,N/A,0.0,0,2021-08-05,Active
ACC00643,CUST00643,Mastercard,Standard,0.032,10000,2022-07-31,Active
ACC00644,CUST00644,Cash,N/A,0.0,0,2022-05-09,Active
ACC00645,CUST00645,Mastercard,Platinum,0.015,25000,2023-07-17,Active
ACC00646,CUST00646,Mastercard,Standard,0.025,10000,2024-03-24,Active
ACC00647,CUST00647,Debit,N/A,0.0,0,2022-01-05,Active
ACC00648,CUST00648,Visa,N/A,0.0,0,2020-06-05,Active
ACC00649,CUST00649,Mastercard,Standard,0.039,20000,2021-03-16,Active
ACC00650,CUST00650,Mastercard,Standard,0.038,15000,2021-07-20,Inactive
ACC00651,CUST00651,Mastercard,Gold,0.035,20000,2022-03-08,Active
ACC00652,CUST00652,Mastercard,Standard,0.039,25000,2021-09-29,Active
ACC00653,CUST00653,Visa,N/A,0.0,0,2021-09-02,Active
ACC00654,CUST00654,Mastercard,Standard,0.014,5000,2021-01-10,Active
ACC00655,CUST00655,Mastercard,World Elite,0.011,5000,2020-07-22,Active
ACC00656,CUST00656,Debit,N/A,0.0,0,2022-01-01,Active
ACC00657,CUST00657,Mastercard,Platinum,0.038,25000,2021-05-16,Active
ACC00658,CUST00658,Visa,N/A,0.0,0,2023-12-31,Active
ACC00659,CUST00659,Cash,N/A,0.0,0,2019-05-03,Active
ACC00660,CUST00660,Visa,N/A,0.0,0,2020-11-22,Suspended
ACC00661,CUST00661,Mastercard,Platinum,0.019,7500,2020-04-17,Active
ACC00662,CUST00662,Mastercard,Gold,0.033,20000,2020-12-25,Inactive
ACC00663,CUST00663,Mastercard,Standard,0.027,10000,2023-04-11,Active
ACC00664,CUST00664,Mastercard,Platinum,0.035,7500,2022-01-14,Active
ACC00665,CUST00665,Mastercard,World Elite,0.013,25000,2022-06-11,Suspended
ACC00666,CUST00666,Mastercard,Standard,0.025,5000,2020-05-19,Inactive
ACC00667,CUST00667,Visa,N/A,0.0,0,2020-03-28,Active
ACC00668,CUST00668,Mastercard,Gold,0.037,7500,2020-07-26,Active
ACC00669,CUST00669,Mastercard,Standard,0.019,20000,2023-10-30,Active
ACC00670,CUST00670,Debit,N/A,0.0,0,2021-03-02,Active
ACC00671,CUST00671,Cash,N/A,0.0,0,2020-04-20,Active
ACC00672,CUST00672,Mastercard,Standard,0.031,15000,2019-11-04,Active
ACC00673,CUST00673,Visa,N/A,0.0,0,2021-02-26,Inactive
ACC00674,CUST00674,Mastercard,Platinum,0.011,10000,2020-02-25,Inactive
ACC00675,CUST00675,Mastercard,Gold,0.034,20000,2020-12-02,Active
ACC00676,CUST00676,Mastercard,Gold,0.028,15000,2022-05-27,Active
ACC00677,CUST00677,Debit,N/A,0.0,0,2019-10-23,Active
ACC00678,CUST00678,Debit,N/A,0.0,0,2022-05-15,Inactive
ACC00679,CUST00679,Cash,N/A,0.0,0,2022-10-31,Active
ACC00680,CUST00680,Debit,N/A,0.0,0,2023-06-02,Active
ACC00681,CUST00681,Debit,N/A,0.0,0,2020-03-22,Active
ACC00682,CUST00682,Debit,N/A,0.0,0,2021-04-09,Active
ACC00683,CUST00683,Mastercard,Platinum,0.037,15000,2022-05-14,Inactive
ACC00684,CUST00684,Mastercard,World Elite,0.031,20000,2020-05-14,Active
ACC00685,CUST00685,Debit,N/A,0.0,0,2019-05-13,Active
ACC00686,CUST00686,Mastercard,Platinum,0.022,10000,2021-01-06,Active
ACC00687,CUST00687,Visa,N/A,0.0,0,2021-10-02,Active
ACC00688,CUST00688,Cash,N/A,0.0,0,2021-07-01,Inactive
ACC00689,CUST00689,Mastercard,Standard,0.018,7500,2020-07-05,Active
ACC00690,CUST00690,Mastercard,World Elite,0.024,7500,2020-03-24,Inactive
ACC00691,CUST00691,Visa,N/A,0.0,0,2022-08-13,Active
ACC00692,CUST00692,Mastercard,Gold,0.016,5000,2021-02-20,Active
ACC00693,CUST00693,Gift Card,N/A,0.0,0,2023-04-07,Active
ACC00694,CUST00694,Mastercard,Platinum,0.015,20000,2022-11-25,Active
ACC00695,CUST00695,Cash,N/A,0.0,0,2020-05-27,Active
ACC00696,CUST00696,Visa,N/A,0.0,0,2024-03-23,Active
ACC00697,CUST00697,Mastercard,Standard,0.014,15000,2020-07-24,Inactive
ACC00698,CUST00698,Debit,N/A,0.0,0,2020-01-16,Active
ACC00699,CUST00699,Debit,N/A,0.0,0,2020-09-30,Active
ACC00700,CUST00700,Cash,N/A,0.0,0,2019-05-17,Active
ACC00701,CUST00701,Visa,N/A,0.0,0,2019-07-08,Active
ACC00702,CUST00702,Mastercard,Gold,0.033,25000,2019-12-27,Active
ACC00703,CUST00703,Debit,N/A,0.0,0,2021-08-21,Inactive
ACC00704,CUST00704,Mastercard,Platinum,0.017,7500,2022-05-19,Active
ACC00705,CUST00705,Debit,N/A,0.0,0,2019-05-18,Active
ACC00706,CUST00706,Gift Card,N/A,0.0,0,2020-07-05,Inactive
ACC00707,CUST00707,Mastercard,Standard,0.014,15000,2022-02-07,Active
ACC00708,CUST00708,Debit,N/A,0.0,0,2023-01-21,Active
ACC00709,CUST00709,Mastercard,Gold,0.016,5000,2020-10-28,Inactive
ACC00710,CUST00710,Debit,N/A,0.0,0,2023-04-19,Active
ACC00711,CUST00711,Visa,N/A,0.0,0,2023-07-24,Active
ACC00712,CUST00712,Visa,N/A,0.0,0,2021-10-30,Inactive
ACC00713,CUST00713,Cash,N/A,0.0,0,2021-03-17,Active
ACC00714,CUST00714,Debit,N/A,0.0,0,2019-04-10,Active
ACC00715,CUST00715,Visa,N/A,0.0,0,2023-09-30,Active
ACC00716,CUST00716,Visa,N/A,0.0,0,2023-10-31,Active
ACC00717,CUST00717,Mastercard,Gold,0.033,15000,2020-05-18,Active
ACC00718,CUST00718,Debit,N/A,0.0,0,2022-12-25,Active
ACC00719,CUST00719,Visa,N/A,0.0,0,2020-05-23,Active
ACC00720,CUST00720,Cash,N/A,0.0,0,2022-05-26,Active
ACC00721,CUST00721,Visa,N/A,0.0,0,2019-05-18,Suspended
ACC00722,CUST00722,Mastercard,Standard,0.019,20000,2023-06-25,Active
ACC00723,CUST00723,Debit,N/A,0.0,0,2023-03-25,Active
ACC00724,CUST00724,Mastercard,Gold,0.022,20000,2021-08-13,Suspended
ACC00725,CUST00725,Visa,N/A,0.0,0,2021-11-30,Active
ACC00726,CUST00726,Visa,N/A,0.0,0,2022-05-25,Active
ACC00727,CUST00727,Visa,N/A,0.0,0,2023-09-12,Active
ACC00728,CUST00728,Mastercard,Platinum,0.026,15000,2019-12-08,Active
ACC00729,CUST00729,Mastercard,Gold,0.034,7500,2019-05-31,Active
ACC00730,CUST00730,Cash,N/A,0.0,0,2021-01-22,Inactive
ACC00731,CUST00731,Mastercard,Standard,0.037,15000,2021-02-08,Active
ACC00732,CUST00732,Debit,N/A,0.0,0,2019-02-18,Active
ACC00733,CUST00733,Visa,N/A,0.0,0,2020-02-11,Active
ACC00734,CUST00734,Mastercard,Standard,0.033,7500,2021-07-10,Inactive
ACC00735,CUST00735,Mastercard,Platinum,0.032,25000,2023-06-14,Active
ACC00736,CUST00736,Mastercard,Standard,0.01,7500,2024-01-25,Active
ACC00737,CUST00737,Gift Card,N/A,0.0,0,2021-09-23,Active
ACC00738,CUST00738,Visa,N/A,0.0,0,2022-12-30,Active
ACC00739,CUST00739,Mastercard,Platinum,0.024,15000,2019-04-16,Active
ACC00740,CUST00740,Debit,N/A,0.0,0,2019-10-26,Inactive
ACC00741,CUST00741,Visa,N/A,0.0,0,2024-03-04,Active
ACC00742,CUST00742,Visa,N/A,0.0,0,2021-02-05,Active
ACC00743,CUST00743,Mastercard,Gold,0.022,25000,2023-11-22,Active
ACC00744,CUST00744,Mastercard,Gold,0.021,20000,2022-02-03,Active
ACC00745,CUST00745,Visa,N/A,0.0,0,2024-03-27,Suspended
ACC00746,CUST00746,Debit,N/A,0.0,0,2023-10-02,Active
ACC00747,CUST00747,Mastercard,Gold,0.016,20000,2019-12-06,Active
ACC00748,CUST00748,Mastercard,Standard,0.032,20000,2020-07-06,Active
ACC00749,CUST00749,Cash,N/A,0.0,0,2021-11-09,Active
ACC00750,CUST00750,Visa,N/A,0.0,0,2021-12-03,Active
ACC00751,CUST00751,Debit,N/A,0.0,0,2021-07-07,Active
ACC00752,CUST00752,Mastercard,Platinum,0.024,20000,2020-10-30,Active
ACC00753,CUST00753,Debit,N/A,0.0,0,2019-04-15,Inactive
ACC00754,CUST00754,Mastercard,Gold,0.037,15000,2021-06-06,Active
ACC00755,CUST00755,Visa,N/A,0.0,0,2019-03-16,Active
ACC00756,CUST00756,Cash,N/A,0.0,0,2022-01-27,Active
ACC00757,CUST00757,Visa,N/A,0.0,0,2022-03-05,Active
ACC00758,CUST00758,Visa,N/A,0.0,0,2019-11-11,Inactive
ACC00759,CUST00759,Visa,N/A,0.0,0,2021-02-12,Active
ACC00760,CUST00760,Visa,N/A,0.0,0,2023-01-02,Active
ACC00761,CUST00761,Debit,N/A,0.0,0,2023-01-19,Active
ACC00762,CUST00762,Cash,N/A,0.0,0,2019-10-22,Active
ACC00763,CUST00763,Visa,N/A,0.0,0,2024-02-17,Active
ACC00764,CUST00764,Mastercard,Gold,0.018,7500,2019-03-27,Active
ACC00765,CUST00765,Debit,N/A,0.0,0,2019-01-25,Suspended
ACC00766,CUST00766,Visa,N/A,0.0,0,2020-02-03,Active
ACC00767,CUST00767,Visa,N/A,0.0,0,2020-02-01,Active
ACC00768,CUST00768,Visa,N/A,0.0,0,2023-08-19,Inactive
ACC00769,CUST00769,Mastercard,Gold,0.027,7500,2019-01-02,Suspended
ACC00770,CUST00770,Visa,N/A,0.0,0,2019-12-01,Inactive
ACC00771,CUST00771,Visa,N/A,0.0,0,2020-06-27,Active
ACC00772,CUST00772,Mastercard,Platinum,0.017,7500,2024-03-09,Active
ACC00773,CUST00773,Mastercard,Standard,0.03,10000,2022-06-17,Active
ACC00774,CUST00774,Mastercard,Gold,0.024,10000,2022-03-27,Active
ACC00775,CUST00775,Debit,N/A,0.0,0,2023-12-27,Inactive
ACC00776,CUST00776,Visa,N/A,0.0,0,2023-02-28,Active
ACC00777,CUST00777,Gift Card,N/A,0.0,0,2022-09-23,Active
ACC00778,CUST00778,Visa,N/A,0.0,0,2019-11-15,Active
ACC00779,CUST00779,Mastercard,Platinum,0.028,25000,2020-07-25,Inactive
ACC00780,CUST00780,Visa,N/A,0.0,0,2023-05-13,Inactive
ACC00781,CUST00781,Visa,N/A,0.0,0,2020-04-08,Inactive
ACC00782,CUST00782,Cash,N/A,0.0,0,2021-06-07,Active
ACC00783,CUST00783,Debit,N/A,0.0,0,2020-11-03,Inactive
ACC00784,CUST00784,Debit,N/A,0.0,0,2020-09-07,Active
ACC00785,CUST00785,Visa,N/A,0.0,0,2023-01-23,Suspended
ACC00786,CUST00786,Mastercard,Standard,0.028,10000,2019-08-07,Inactive
ACC00787,CUST00787,Visa,N/A,0.0,0,2022-02-10,Active
ACC00788,CUST00788,Debit,N/A,0.0,0,2023-05-24,Active
ACC00789,CUST00789,Mastercard,World Elite,0.024,7500,2024-03-11,Active
ACC00790,CUST00790,Mastercard,Gold,0.021,25000,2021-03-29,Active
ACC00791,CUST00791,Mastercard,Standard,0.012,7500,2022-06-30,Active
ACC00792,CUST00792,Cash,N/A,0.0,0,2024-03-16,Active
ACC00793,CUST00793,Visa,N/A,0.0,0,2023-05-07,Active
ACC00794,CUST00794,Cash,N/A,0.0,0,2023-12-27,Active
ACC00795,CUST00795,Cash,N/A,0.0,0,2021-04-11,Inactive
ACC00796,CUST00796,Debit,N/A,0.0,0,2019-11-12,Active
ACC00797,CUST00797,Debit,N/A,0.0,0,2019-03-04,Active
ACC00798,CUST00798,Visa,N/A,0.0,0,2021-01-28,Active
ACC00799,CUST00799,Mastercard,Standard,0.036,15000,2024-03-15,Suspended
ACC00800,CUST00800,Debit,N/A,0.0,0,2022-04-20,Active
ACC00801,CUST00801,Visa,N/A,0.0,0,2021-05-30,Inactive
ACC00802,CUST00802,Visa,N/A,0.0,0,2020-08-09,Active
ACC00803,CUST00803,Mastercard,Platinum,0.02,20000,2020-10-31,Active
ACC00804,CUST00804,Mastercard,Platinum,0.013,5000,2023-06-19,Active
ACC00805,CUST00805,Visa,N/A,0.0,0,2019-11-04,Active
ACC00806,CUST00806,Visa,N/A,0.0,0,2021-10-05,Inactive
ACC00807,CUST00807,Cash,N/A,0.0,0,2024-03-28,Suspended
ACC00808,CUST00808,Mastercard,Platinum,0.029,5000,2019-01-05,Active
ACC00809,CUST00809,Mastercard,Standard,0.019,10000,2022-10-22,Active
ACC00810,CUST00810,Cash,N/A,0.0,0,2023-08-21,Active
ACC00811,CUST00811,Mastercard,Platinum,0.013,7500,2024-01-03,Active
ACC00812,CUST00812,Mastercard,Standard,0.04,5000,2019-03-22,Active
ACC00813,CUST00813,Mastercard,Platinum,0.016,7500,2024-01-12,Active
ACC00814,CUST00814,Visa,N/A,0.0,0,2021-10-01,Active
ACC00815,CUST00815,Visa,N/A,0.0,0,2022-04-30,Active
ACC00816,CUST00816,Visa,N/A,0.0,0,2023-09-10,Active
ACC00817,CUST00817,Visa,N/A,0.0,0,2023-08-31,Active
ACC00818,CUST00818,Visa,N/A,0.0,0,2019-10-11,Active
ACC00819,CUST00819,Visa,N/A,0.0,0,2022-05-26,Inactive
ACC00820,CUST00820,Mastercard,Standard,0.033,20000,2019-07-16,Active
ACC00821,CUST00821,Visa,N/A,0.0,0,2020-04-03,Active
ACC00822,CUST00822,Visa,N/A,0.0,0,2019-03-07,Active
ACC00823,CUST00823,Cash,N/A,0.0,0,2020-11-24,Active
ACC00824,CUST00824,Mastercard,Platinum,0.034,10000,2021-11-08,Active
ACC00825,CUST00825,Gift Card,N/A,0.0,0,2022-08-31,Active
ACC00826,CUST00826,Mastercard,Gold,0.034,7500,2023-06-15,Suspended
ACC00827,CUST00827,Visa,N/A,0.0,0,2020-09-25,Active
ACC00828,CUST00828,Debit,N/A,0.0,0,2020-03-07,Active
ACC00829,CUST00829,Mastercard,Standard,0.015,5000,2019-05-01,Active
ACC00830,CUST00830,Visa,N/A,0.0,0,2019-08-30,Active
ACC00831,CUST00831,Cash,N/A,0.0,0,2021-07-08,Active
ACC00832,CUST00832,Debit,N/A,0.0,0,2023-01-20,Active
ACC00833,CUST00833,Debit,N/A,0.0,0,2023-04-27,Active
ACC00834,CUST00834,Mastercard,Standard,0.017,15000,2021-06-10,Active
ACC00835,CUST00835,Mastercard,World Elite,0.03,25000,2022-02-04,Active
ACC00836,CUST00836,Gift Card,N/A,0.0,0,2020-09-11,Inactive
ACC00837,CUST00837,Mastercard,Standard,0.024,5000,2021-01-15,Active
ACC00838,CUST00838,Gift Card,N/A,0.0,0,2020-01-28,Active
ACC00839,CUST00839,Debit,N/A,0.0,0,2019-04-11,Active
ACC00840,CUST00840,Debit,N/A,0.0,0,2023-10-14,Inactive
ACC00841,CUST00841,Visa,N/A,0.0,0,2021-03-08,Active
ACC00842,CUST00842,Mastercard,Gold,0.03,15000,2023-05-25,Active
ACC00843,CUST00843,Cash,N/A,0.0,0,2020-10-24,Active
ACC00844,CUST00844,Debit,N/A,0.0,0,2023-07-29,Active
ACC00845,CUST00845,Mastercard,World Elite,0.023,10000,2024-02-18,Active
ACC00846,CUST00846,Gift Card,N/A,0.0,0,2023-11-13,Active
ACC00847,CUST00847,Debit,N/A,0.0,0,2019-01-16,Inactive
ACC00848,CUST00848,Debit,N/A,0.0,0,2019-12-03,Suspended
ACC00849,CUST00849,Mastercard,Gold,0.025,10000,2019-10-31,Active
ACC00850,CUST00850,Visa,N/A,0.0,0,2019-10-15,Active
ACC00851,CUST00851,Mastercard,Gold,0.039,7500,2023-01-16,Active
ACC00852,CUST00852,Gift Card,N/A,0.0,0,2019-03-20,Active
ACC00853,CUST00853,Debit,N/A,0.0,0,2022-07-17,Active
ACC00854,CUST00854,Visa,N/A,0.0,0,2020-12-03,Inactive
ACC00855,CUST00855,Cash,N/A,0.0,0,2021-02-02,Active
ACC00856,CUST00856,Mastercard,Standard,0.033,20000,2020-02-18,Active
ACC00857,CUST00857,Visa,N/A,0.0,0,2020-11-11,Active
ACC00858,CUST00858,Mastercard,Platinum,0.032,10000,2021-12-23,Active
ACC00859,CUST00859,Mastercard,Gold,0.028,20000,2020-02-07,Active
ACC00860,CUST00860,Mastercard,World Elite,0.034,15000,2023-01-12,Active
ACC00861,CUST00861,Mastercard,Standard,0.04,15000,2019-04-02,Active
ACC00862,CUST00862,Debit,N/A,0.0,0,2019-02-06,Active
ACC00863,CUST00863,Visa,N/A,0.0,0,2022-07-08,Suspended
ACC00864,CUST00864,Gift Card,N/A,0.0,0,2019-05-09,Active
ACC00865,CUST00865,Mastercard,Platinum,0.038,20000,2022-03-17,Active
ACC00866,CUST00866,Debit,N/A,0.0,0,2020-10-07,Inactive
ACC00867,CUST00867,Mastercard,Standard,0.018,25000,2023-10-12,Active
ACC00868,CUST00868,Mastercard,Standard,0.037,10000,2021-03-19,Active
ACC00869,CUST00869,Debit,N/A,0.0,0,2021-12-22,Active
ACC00870,CUST00870,Mastercard,Standard,0.035,7500,2021-03-24,Active
ACC00871,CUST00871,Debit,N/A,0.0,0,2019-04-08,Suspended
ACC00872,CUST00872,Cash,N/A,0.0,0,2023-07-02,Inactive
ACC00873,CUST00873,Debit,N/A,0.0,0,2022-01-01,Inactive
ACC00874,CUST00874,Mastercard,Gold,0.023,20000,2023-11-14,Suspended
ACC00875,CUST00875,Mastercard,Platinum,0.029,10000,2023-04-24,Active
ACC00876,CUST00876,Mastercard,Standard,0.04,7500,2021-12-29,Active
ACC00877,CUST00877,Mastercard,Standard,0.013,7500,2024-03-10,Suspended
ACC00878,CUST00878,Cash,N/A,0.0,0,2022-02-22,Active
ACC00879,CUST00879,Gift Card,N/A,0.0,0,2019-12-29,Active
ACC00880,CUST00880,Visa,N/A,0.0,0,2020-02-15,Active
ACC00881,CUST00881,Mastercard,Gold,0.02,7500,2021-09-09,Active
ACC00882,CUST00882,Visa,N/A,0.0,0,2019-09-23,Inactive
ACC00883,CUST00883,Debit,N/A,0.0,0,2023-02-06,Active
ACC00884,CUST00884,Visa,N/A,0.0,0,2022-09-08,Active
ACC00885,CUST00885,Cash,N/A,0.0,0,2020-06-10,Active
ACC00886,CUST00886,Cash,N/A,0.0,0,2024-01-30,Active
ACC00887,CUST00887,Visa,N/A,0.0,0,2023-02-02,Active
ACC00888,CUST00888,Gift Card,N/A,0.0,0,2019-07-19,Active
ACC00889,CUST00889,Debit,N/A,0.0,0,2020-08-14,Active
ACC00890,CUST00890,Mastercard,Gold,0.026,5000,2019-06-06,Suspended
ACC00891,CUST00891,Visa,N/A,0.0,0,2023-11-24,Active
ACC00892,CUST00892,Cash,N/A,0.0,0,2019-01-07,Suspended
ACC00893,CUST00893,Mastercard,Standard,0.033,10000,2020-01-02,Active
ACC00894,CUST00894,Mastercard,Gold,0.014,20000,2021-08-10,Active
ACC00895,CUST00895,Mastercard,Gold,0.028,5000,2020-12-30,Active
ACC00896,CUST00896,Visa,N/A,0.0,0,2020-12-24,Active
ACC00897,CUST00897,Mastercard,Platinum,0.026,10000,2023-01-25,Active
ACC00898,CUST00898,Gift Card,N/A,0.0,0,2024-02-15,Active
ACC00899,CUST00899,Cash,N/A,0.0,0,2023-06-13,Active
ACC00900,CUST00900,Mastercard,World Elite,0.015,10000,2019-11-25,Active
ACC00901,CUST00901,Visa,N/A,0.0,0,2022-11-13,Active
ACC00902,CUST00902,Mastercard,Gold,0.038,25000,2020-12-20,Active
ACC00903,CUST00903,Mastercard,Platinum,0.034,15000,2019-08-01,Inactive
ACC00904,CUST00904,Cash,N/A,0.0,0,2023-05-08,Inactive
ACC00905,CUST00905,Debit,N/A,0.0,0,2020-03-10,Active
ACC00906,CUST00906,Mastercard,Gold,0.025,20000,2023-03-12,Active
ACC00907,CUST00907,Visa,N/A,0.0,0,2023-03-06,Active
ACC00908,CUST00908,Debit,N/A,0.0,0,2022-09-07,Inactive
ACC00909,CUST00909,Debit,N/A,0.0,0,2023-05-19,Active
ACC00910,CUST00910,Mastercard,Platinum,0.022,25000,2021-01-25,Active
ACC00911,CUST00911,Gift Card,N/A,0.0,0,2019-03-27,Active
ACC00912,CUST00912,Cash,N/A,0.0,0,2020-01-21,Active
ACC00913,CUST00913,Visa,N/A,0.0,0,2020-12-28,Active
ACC00914,CUST00914,Visa,N/A,0.0,0,2022-09-23,Inactive
ACC00915,CUST00915,Mastercard,Gold,0.022,5000,2020-10-07,Inactive
ACC00916,CUST00916,Visa,N/A,0.0,0,2019-06-24,Active
ACC00917,CUST00917,Debit,N/A,0.0,0,2019-07-16,Active
ACC00918,CUST00918,Mastercard,Gold,0.013,7500,2021-08-27,Active
ACC00919,CUST00919,Mastercard,World Elite,0.032,10000,2019-09-03,Active
ACC00920,CUST00920,Debit,N/A,0.0,0,2019-03-08,Active
ACC00921,CUST00921,Debit,N/A,0.0,0,2022-07-30,Active
ACC00922,CUST00922,Mastercard,Standard,0.035,10000,2019-03-21,Inactive
ACC00923,CUST00923,Mastercard,Standard,0.019,7500,2022-11-26,Active
ACC00924,CUST00924,Debit,N/A,0.0,0,2021-02-16,Suspended
ACC00925,CUST00925,Visa,N/A,0.0,0,2020-07-28,Active
ACC00926,CUST00926,Mastercard,Gold,0.012,20000,2021-01-15,Active
ACC00927,CUST00927,Visa,N/A,0.0,0,2020-09-23,Active
ACC00928,CUST00928,Mastercard,Gold,0.011,10000,2020-11-02,Active
ACC00929,CUST00929,Debit,N/A,0.0,0,2019-07-10,Inactive
ACC00930,CUST00930,Mastercard,World Elite,0.028,5000,2021-01-12,Active
ACC00931,CUST00931,Mastercard,World Elite,0.033,10000,2023-12-25,Active
ACC00932,CUST00932,Mastercard,Gold,0.027,5000,2020-04-19,Active
ACC00933,CUST00933,Visa,N/A,0.0,0,2020-09-29,Inactive
ACC00934,CUST00934,Debit,N/A,0.0,0,2022-01-31,Active
ACC00935,CUST00935,Visa,N/A,0.0,0,2024-02-13,Inactive
ACC00936,CUST00936,Mastercard,Platinum,0.026,20000,2023-11-18,Active
ACC00937,CUST00937,Visa,N/A,0.0,0,2020-08-31,Inactive
ACC00938,CUST00938,Debit,N/A,0.0,0,2022-09-09,Active
ACC00939,CUST00939,Visa,N/A,0.0,0,2024-01-08,Active
ACC00940,CUST00940,Mastercard,World Elite,0.019,15000,2019-07-10,Active
ACC00941,CUST00941,Visa,N/A,0.0,0,2020-07-05,Active
ACC00942,CUST00942,Debit,N/A,0.0,0,2019-10-08,Active
ACC00943,CUST00943,Debit,N/A,0.0,0,2022-04-19,Active
ACC00944,CUST00944,Cash,N/A,0.0,0,2023-12-31,Active
ACC00945,CUST00945,Mastercard,Gold,0.021,20000,2019-08-07,Active
ACC00946,CUST00946,Debit,N/A,0.0,0,2022-04-25,Inactive
ACC00947,CUST00947,Visa,N/A,0.0,0,2024-01-08,Active
ACC00948,CUST00948,Cash,N/A,0.0,0,2019-06-17,Active
ACC00949,CUST00949,Mastercard,Standard,0.038,25000,2023-11-10,Active
ACC00950,CUST00950,Debit,N/A,0.0,0,2023-07-22,Active
ACC00951,CUST00951,Mastercard,Standard,0.031,7500,2023-02-20,Suspended
ACC00952,CUST00952,Cash,N/A,0.0,0,2023-11-05,Active
ACC00953,CUST00953,Mastercard,Standard,0.022,25000,2021-12-07,Inactive
ACC00954,CUST00954,Mastercard,Gold,0.032,7500,2021-10-05,Active
ACC00955,CUST00955,Visa,N/A,0.0,0,2019-05-02,Active
ACC00956,CUST00956,Debit,N/A,0.0,0,2022-06-09,Active
ACC00957,CUST00957,Mastercard,Standard,0.026,10000,2019-10-06,Active
ACC00958,CUST00958,Mastercard,Gold,0.037,10000,2020-07-05,Active
ACC00959,CUST00959,Mastercard,Platinum,0.014,15000,2020-06-06,Active
ACC00960,CUST00960,Visa,N/A,0.0,0,2021-10-16,Active
ACC00961,CUST00961,Mastercard,Standard,0.028,25000,2020-06-02,Active
ACC00962,CUST00962,Mastercard,Gold,0.034,20000,2019-09-03,Suspended
ACC00963,CUST00963,Visa,N/A,0.0,0,2020-05-24,Active
ACC00964,CUST00964,Cash,N/A,0.0,0,2019-03-24,Active
ACC00965,CUST00965,Debit,N/A,0.0,0,2020-05-26,Active
ACC00966,CUST00966,Debit,N/A,0.0,0,2023-02-06,Active
ACC00967,CUST00967,Debit,N/A,0.0,0,2021-03-19,Active
ACC00968,CUST00968,Debit,N/A,0.0,0,2020-03-22,Active
ACC00969,CUST00969,Debit,N/A,0.0,0,2019-08-19,Active
ACC00970,CUST00970,Visa,N/A,0.0,0,2022-08-27,Active
ACC00971,CUST00971,Debit,N/A,0.0,0,2019-08-15,Inactive
ACC00972,CUST00972,Mastercard,Standard,0.013,7500,2021-07-04,Active
ACC00973,CUST00973,Mastercard,Platinum,0.034,10000,2020-10-27,Suspended
ACC00974,CUST00974,Gift Card,N/A,0.0,0,2021-02-14,Active
ACC00975,CUST00975,Debit,N/A,0.0,0,2022-10-25,Active
ACC00976,CUST00976,Mastercard,Platinum,0.036,7500,2020-02-28,Active
ACC00977,CUST00977,Mastercard,Standard,0.03,25000,2020-05-12,Active
ACC00978,CUST00978,Mastercard,World Elite,0.023,10000,2019-01-07,Active
ACC00979,CUST00979,Cash,N/A,0.0,0,2019-11-21,Active
ACC00980,CUST00980,Debit,N/A,0.0,0,2023-12-26,Inactive
ACC00981,CUST00981,Mastercard,Platinum,0.026,7500,2021-04-26,Active
ACC00982,CUST00982,Visa,N/A,0.0,0,2020-08-11,Active
ACC00983,CUST00983,Visa,N/A,0.0,0,2020-07-26,Active
ACC00984,CUST00984,Debit,N/A,0.0,0,2023-04-25,Active
ACC00985,CUST00985,Mastercard,Platinum,0.026,20000,2021-07-19,Active
ACC00986,CUST00986,Mastercard,Gold,0.023,25000,2023-11-05,Active
ACC00987,CUST00987,Cash,N/A,0.0,0,2021-09-03,Suspended
ACC00988,CUST00988,Mastercard,Standard,0.024,15000,2024-01-28,Active
ACC00989,CUST00989,Debit,N/A,0.0,0,2023-05-19,Active
ACC00990,CUST00990,Cash,N/A,0.0,0,2021-09-22,Active
ACC00991,CUST00991,Debit,N/A,0.0,0,2022-02-03,Active
ACC00992,CUST00992,Mastercard,World Elite,0.013,25000,2021-01-29,Active
ACC00993,CUST00993,Mastercard,Platinum,0.018,25000,2021-11-23,Active
ACC00994,CUST00994,Cash,N/A,0.0,0,2023-03-09,Active
ACC00995,CUST00995,Mastercard,Standard,0.039,5000,2020-05-09,Inactive
ACC00996,CUST00996,Cash,N/A,0.0,0,2020-05-31,Inactive
ACC00997,CUST00997,Mastercard,Platinum,0.03,20000,2023-10-19,Active
ACC00998,CUST00998,Gift Card,N/A,0.0,0,2023-06-25,Inactive
ACC00999,CUST00999,Debit,N/A,0.0,0,2024-03-02,Active
ACC01000,CUST01000,Debit,N/A,0.0,0,2021-10-14,Suspended
